episode,timesteps,episode_reward,episode_duration,energy_consumed,final_distance,final_speed,remaining_battery,success
1,2000,1.381275,2000,0.007100705416621733,1525.392472743988,0.0,794319.4356667021,0.0
2,4000,1296.5584,2000,0.6244924882714726,846.9288647174835,0.0,300406.00938282226,0.0
3,6000,-3.096003,2000,0.013663271704031055,1527.2993445396423,0.10824811644852161,789069.3826367747,0.0
4,8000,1.606263,2000,0.00628507134684247,1525.310218334198,0.0,794971.9429225274,0.0
5,10000,-1.082145,2000,0.008966413414155053,1526.5279412269592,0.06496331188827753,792826.869268677,0.0
6,12000,39.239152,2000,0.10630155075758166,1501.4997124671936,0.0,714958.7593939356,0.0
7,14000,-17.790333,2000,0.028140284899922825,1533.9245796203613,2.041441798210144,777487.7720800617,0.0
8,16000,-452.546612,2000,0.12215634675664916,1746.5879917144775,0.6259384751319885,702274.9225946813,0.0
9,16838,904.80406,838,1.0019293923564279,824.0337073802948,9.597687125205994,0.0,0.0
10,18838,1125.649793,2000,0.5796318559921161,934.627890586853,5.989997386932373,336294.51520630723,0.0
11,20771,1194.991849,1933,1.0044750980175772,678.938090801239,14.21919584274292,0.0,0.0
12,22771,1243.588487,2000,0.8229170017043828,863.4741604328156,1.9812405109405518,141666.39863649532,0.0
13,24771,1568.757171,2000,0.7581064023589954,704.1671723127365,0.0,193514.8781128034,0.0
14,25356,756.252974,585,1.0017574039796084,898.3076512813568,8.56711208820343,0.0,0.0
15,27356,1559.240429,2000,0.8001904242365213,706.8148702383041,0.0,159847.66061078332,0.0
16,29356,1735.679893,2000,0.7839892421841592,619.3845123052597,4.218603074550629,172808.60625267282,0.0
17,31356,2245.074604,2000,0.49647779655686275,379.0733367204666,0.25589369237422943,402817.76275450876,0.0
18,33356,2039.737734,2000,0.48256882384339683,482.4359714984894,0.8539408445358276,413944.9409252821,0.0
19,35356,1769.587828,2000,0.7870944388178219,602.283775806427,7.596709728240967,170324.4489457421,0.0
20,37356,2420.869456,2000,0.6577181871752087,283.11601281166077,3.1957605481147766,273825.4502598333,0.0
21,39356,2415.007635,2000,0.687279537870667,284.56686437129974,0.0442690122872591,250176.36970346794,0.0
22,41356,2453.464958,2000,0.7038414282068863,264.50762897729874,0.20312126725912094,236926.85743449052,0.0
23,43356,2444.561178,2000,0.6585473657034264,271.22578024864197,0.7404612749814987,273162.1074372566,0.0
24,45356,2454.70561,2000,0.6821916930684884,264.97091352939606,0.0,254246.645545209,0.0
25,47356,2447.008028,2000,0.6130585446726485,272.278256714344,0.0,309553.164261882,0.0
26,49356,2454.294176,2000,0.6272203210543287,267.92310923337936,0.687422975897789,298223.74315653543,0.0
27,51356,2457.993863,2000,0.6552611404827896,264.67468589544296,0.02284348476678133,275791.08761376684,0.0
28,53356,2465.797938,2000,0.652421147072348,260.91568171977997,0.0,278063.0823421231,0.0
29,55356,2448.033472,2000,0.6318147944462861,270.8274945616722,0.0,294548.1644429698,0.0
30,57356,2455.768894,2000,0.6396595220152259,266.56658202409744,0.0,288272.38238781923,0.0
31,59356,2442.424599,2000,0.6270181399682825,273.87041598558426,0.14572223648428917,298385.4880253762,0.0
32,61356,2424.205056,2000,0.6526958809833631,281.69719129800797,1.3678072392940521,277843.2952133089,0.0
33,63356,2433.552656,2000,0.7905970912499966,270.12723684310913,3.1612566113471985,167522.32700000305,0.0
34,64013,924.325037,657,1.0001181583781957,814.2715394496918,4.64898020029068,0.0,0.0
35,66013,2279.714916,2000,0.6376426767602559,354.69426959753036,2.4816161394119263,289885.8585917946,0.0
36,68013,2307.051096,2000,0.4828831959008889,348.76520186662674,0.0,413693.4432792877,0.0
37,70013,2370.233427,2000,0.5214816249475617,315.24257361888885,1.282733827829361,382814.7000419512,0.0
38,72013,1955.735847,2000,0.4818326872449305,524.475172162056,11.32993221282959,414533.8502040541,0.0
39,74013,2390.816067,2000,0.421607920239312,309.9474236369133,0.01191799296066165,462713.66380854975,0.0
40,76013,2379.89795,2000,0.41917438067296026,315.5253455042839,0.046853432431817055,464660.49546163256,0.0
41,78013,2363.221331,2000,0.60951211823125,314.3472746014595,1.3725805282592773,312390.3054150027,0.0
42,80013,2369.039364,2000,0.5571694872150184,314.0561208128929,0.0,354264.41022798524,0.0
43,82013,2421.878596,2000,0.5778688126194576,286.601722240448,0.032737525179982185,337704.94990443357,0.0
44,84013,2419.585101,2000,0.6371978619158436,284.7800999879837,0.0,290241.71046732593,0.0
45,86013,2474.99395,2000,0.6705761408786598,255.414716899395,0.0,263539.0872970732,0.0
46,88013,2413.641398,2000,0.7275902984543209,283.23470056056976,0.12206616811454296,217927.76123654383,0.0
47,90013,2404.873939,2000,0.6330412095154704,292.34352707862854,0.0,293567.0323876252,0.0
48,92013,2396.39426,2000,0.5421818960978936,301.1273816227913,1.781013011932373,366254.4831216851,0.0
49,94013,2424.312364,2000,0.58229578908721,285.16291826963425,0.3581363707780838,334163.36873023096,0.0
50,96013,2468.668208,2000,0.7013248285240768,257.03416764736176,0.4999227076768875,238940.1371807383,0.0
51,98013,2454.830503,2000,0.7088050374282815,263.5779082775116,0.04425740800797939,232955.97005737753,0.0
52,100013,2468.589531,2000,0.7207382783286483,256.101630628109,0.0,223409.37733708342,0.0
53,102013,2465.72552,2000,0.7163616438198557,257.7546760439873,0.2934049628674984,226910.68494411404,0.0
54,104013,2472.606104,2000,0.7643012018461874,251.91383063793182,0.3268329054117203,188559.0385230492,0.0
55,106013,2458.687918,2000,0.6394997957887324,265.11796563863754,0.0,288400.1633690146,0.0
56,108013,2407.810798,2000,0.6634122865146185,289.35903310775757,0.0,269270.17078830476,0.0
57,110013,2387.751555,2000,0.6162852206432938,301.74294859170914,0.1499232929199934,306971.8234853661,0.0
58,112013,2441.327786,2000,0.6752708375717149,272.0033973455429,0.7892841100692749,259783.32994262874,0.0
59,114013,2461.020951,2000,0.6780276958495381,262.02256232500076,0.46249907463788986,257577.84332036917,0.0
60,116013,2444.381828,2000,0.7319694789212206,267.6432430744171,6.513001322746277,214424.41686302368,0.0
61,118013,2406.99267,2000,0.6683303999106298,289.5205691456795,0.7914524525403976,265335.68007149507,0.0
62,120013,2440.934062,2000,0.7584954484418973,268.0412381887436,0.0,193203.64124648154,0.0
63,122013,2476.603565,2000,0.7889192968208171,248.6865520477295,0.0,168864.56254334556,0.0
64,124013,2509.097476,2000,0.7623681325154551,233.76575857400894,0.0,190105.49398763452,0.0
65,126013,2460.292928,2000,0.7470744042912659,258.9344456791878,0.0,202340.4765669873,0.0
66,128013,2431.097934,2000,0.6861798055649261,276.5747085213661,0.0,251056.1555480612,0.0
67,130013,2470.707466,2000,0.740904313365699,254.03615087270737,0.0,207276.5493074405,0.0
68,132013,2461.746985,2000,0.7091716233614164,260.10189950466156,0.0,232662.70131086663,0.0
69,134013,2363.383069,2000,0.6569028369529942,311.8981942534447,0.0,274477.7304376044,0.0
70,136013,2467.301784,2000,0.7770256592921602,253.93545627593994,0.0,178379.4725662707,0.0
71,138013,2500.779169,2000,0.80055442398047,236.01660132408142,0.025763243902474642,159556.460815624,0.0
72,140013,2582.579463,2000,0.8863371937586987,190.82844257354736,0.0,90930.24499303914,0.0
73,142013,2550.077001,2000,0.8470334495968815,209.0439721941948,0.0,122373.24032249575,0.0
74,144013,2572.367992,2000,0.8910442908426547,195.69716602563858,0.04038832616060972,87164.56732587538,0.0
75,145901,2166.609794,1888,1.0004587036131305,193.13004612922668,1.059408262372017,0.0,0.0
76,147901,2584.778356,2000,0.9667219340152167,185.7084296643734,0.0,26622.45278782637,0.0
77,149901,2577.459435,2000,0.974254768052419,188.99278342723846,0.0,20596.185558062625,0.0
78,151901,2568.129644,2000,0.9852664504647677,193.10078769922256,0.0,11786.839628185626,0.0
79,153289,2186.88143,1388,1.0002363529896494,182.99298360943794,3.723202645778656,0.0,0.0
80,154699,2191.18523,1410,1.0000370312409768,180.84152787923813,3.3923599123954773,0.0,0.0
81,156152,2176.081621,1453,1.000065042558657,188.39290738105774,1.3294804096221924,0.0,0.0
82,157580,2181.945475,1428,1.0007562023570014,185.4608952999115,2.6314708590507507,0.0,0.0
83,159580,2149.003717,2000,0.47853122313962415,428.0041605234146,0.0,417175.02148830064,0.0
84,161580,2375.556503,2000,0.8525264073642891,296.02885991334915,0.0,117978.87410857089,0.0
85,163580,2532.125187,2000,0.8996006095659749,215.39271622896194,0.0,80319.51234722011,0.0
86,165580,2527.606301,2000,0.9212304655909496,216.56937897205353,0.0,63015.62752724002,0.0
87,167580,2556.53556,2000,0.9481811778022977,200.7610872387886,0.0,41455.05775816177,0.0
88,169580,2475.321794,2000,0.9112427647815844,243.2100847363472,0.0,71005.78817473292,0.0
89,171580,2412.995011,2000,0.8845927412718418,275.70750564336777,0.0,92325.80698252702,0.0
90,173580,2535.658899,2000,0.9260258683654179,212.30392903089523,0.0,59179.30530766571,0.0
91,175580,2548.545731,2000,0.9256087388676321,205.8846652507782,0.0,59513.00890589391,0.0
92,177580,2579.193091,2000,0.9181151413755714,190.92817604541779,0.0,65507.886899543264,0.0
93,179580,2570.56227,2000,0.9491588420568111,193.69764626026154,0.0,40672.926354549876,0.0
94,181580,2538.706014,2000,0.9404539823838428,210.05742251873016,0.0,47636.81409292489,0.0
95,183580,2532.088839,2000,0.8252990053298572,219.1234454512596,1.0952693969011307,139760.79573611447,0.0
96,185580,2053.133434,2000,0.8540528585760258,457.162007689476,0.0,116757.71313917995,0.0
97,186929,1762.082667,1349,1.000055636278558,395.39341628551483,2.2523289918899536,0.0,0.0
98,188929,2548.978902,2000,0.9255239599371327,205.66796511411667,0.0,59580.832050295205,0.0
99,190929,2566.937287,2000,0.9279413422110225,196.5680569410324,0.0,57646.92623118222,0.0
100,192929,2569.389241,2000,0.9096057078128198,196.25810533761978,0.0,72315.4337497435,0.0
101,194929,2557.748343,2000,0.9158917394028914,201.76517218351364,0.0,67286.60847768847,0.0
102,196929,2576.977539,2000,0.9527245010759473,190.31339138746262,0.084829181432724,37820.39913924277,0.0
103,198929,2570.581609,2000,0.9540111350274978,193.43680143356323,0.4475279152393341,36791.09197800326,0.0
104,200929,2405.838668,2000,1.5553882925111087,295.69749534130096,0.07883476093411446,136130.78744733962,0.0
105,202929,2557.237339,2000,0.9246769336013365,201.58405601978302,0.0,60258.45311892837,0.0
106,204929,2494.480531,2000,1.1555864207160402,271.383672952652,1.4221201837062836,433996.89892181044,0.0
107,206929,2433.77633,2000,1.1996266098384512,299.38072711229324,0.0,428083.9898739385,0.0
108,208929,2575.984107,2000,1.2868369071586638,223.94992411136627,9.020529985427856,353866.47830199834,0.0
109,210929,2655.719217,2000,1.1802839032889623,189.3836259841919,0.008488679304718971,491888.3692031783,0.0
110,212929,2692.282524,2000,1.2793299936230755,166.09549149870872,0.0,328526.9031246617,0.0
111,214929,1873.822558,2000,0.779557941321686,550.5431145429611,0.0,176353.64694264953,0.0
112,216929,1525.668069,2000,0.5658297156543456,785.4056060314178,0.13778764754533768,685480.9320597083,0.0
113,218929,1932.536424,2000,0.5302326347939854,533.6550325155258,0.6798475980758667,375813.8921648115,0.0
114,220816,2097.781367,1887,1.000544406566098,227.54491120576859,3.792293071746826,0.0,0.0
115,222094,2091.486965,1278,1.0006976085571244,230.68995773792267,4.002085626125336,0.0,0.0
116,224094,2447.75474,2000,0.9558261157127088,254.76302951574326,0.0,35339.10742983352,0.0
117,226094,2458.210189,2000,0.9922152081635821,247.71282076835632,0.0,6227.833469134017,0.0
118,227335,2105.566837,1241,1.0007890942689628,223.64933788776398,2.712676227092743,0.0,0.0
119,229335,2505.394647,2000,0.9767118027671973,224.90494698286057,0.0,18630.55778624255,0.0
120,231335,2469.578031,2000,0.9579280291922011,243.7533214688301,0.01794462907128036,33657.57664623957,0.0
121,233335,2486.568268,2000,0.9379113790880782,236.25290393829346,0.0,49670.89672953958,0.0
122,235335,2704.444951,2000,1.5083367002203685,148.639015853405,0.0,160336.43950943847,0.0
123,237335,2538.445804,2000,1.2709151941241128,243.5942441225052,10.951666831970215,356071.1281253972,0.0
124,239335,2334.654751,2000,1.1561129776266859,351.1957973241806,2.590847909450531,460039.856258623,0.0
125,241267,2093.611026,1932,1.000108902565512,229.6271100640297,0.9434963017702103,0.0,0.0
126,243267,2447.432829,2000,0.9692651707201491,254.25466150045395,0.0,24587.863423880823,0.0
127,245267,2040.463438,2000,0.735203186180751,469.4465696811676,0.48085153102874756,211837.45105539853,0.0
128,247267,2111.335064,2000,0.8265248028903197,429.4414669275284,0.0,138780.1576877445,0.0
129,249267,2490.775717,2000,0.8318768006395073,239.45318162441254,0.0,134498.55948839535,0.0
130,250970,2087.493073,1703,1.0000468289769116,232.68867284059525,1.58997043967247,0.0,0.0
131,252970,2497.610235,2000,0.9267388267329353,231.29316419363022,0.0,58608.93861365187,0.0
132,254970,2464.1088,2000,0.9956208808863646,244.5945292711258,0.0,3503.2952909090563,0.0
133,256340,2014.622029,1370,1.000295606066365,269.12321895360947,4.847058057785034,0.0,0.0
134,258340,2367.77296,2000,1.3683827243096158,319.5185288786888,13.019376993179321,300348.59272337146,0.0
135,260340,2861.705149,2000,1.549113569717372,56.22323602437973,0.0,165372.29837813193,0.0
136,261548,2078.630288,1208,1.0008387358820752,237.11907863616943,3.979928195476532,0.0,0.0
137,263548,2861.143163,2000,1.6802671574193038,61.78960204124451,0.0,91722.65002572993,0.0
138,265548,2655.429187,2000,1.3452798894197915,181.33289739489555,0.05183812230825424,361743.78812358313,0.0
139,267548,2723.072024,2000,1.4041256650916114,144.62599530816078,0.0,293626.13925927394,0.0
140,269548,2834.699997,2000,1.6643763342029347,54.9556128680706,0.0,93165.67526112171,0.0
141,271548,2462.719403,2000,0.9168301960511792,249.23231452703476,0.0,66535.84315905606,0.0
142,273548,2434.630235,2000,0.9292752720102573,262.6560106873512,0.0,56579.78239179356,0.0
143,275548,2501.089503,2000,0.8986334202099816,230.95820099115372,0.02120265970006585,81093.26383201564,0.0
144,277548,2405.8598,2000,0.9845647603532027,274.2702215909958,0.0,12348.191717437769,0.0
145,279548,2366.030981,2000,0.9951849032186918,293.66062581539154,0.0,3852.0774250470226,0.0
146,280758,1945.732742,1210,1.0003580006151036,303.56819182634354,2.610427737236023,0.0,0.0
147,282758,2317.466127,2000,0.9472245825930798,320.340134203434,0.0,42220.33392553743,0.0
148,284758,2324.306721,2000,0.960778948681226,316.23780727386475,0.0,31376.84105501879,0.0
149,286758,2343.176208,2000,0.9834646969688384,305.6746646761894,0.0,13228.24242492866,0.0
150,288758,2290.795758,2000,0.9695058742712662,332.5592279434204,0.0,24395.300582987737,0.0
151,290758,2455.052749,2000,0.94908959486455,251.4525130391121,0.0,40728.32410835848,0.0
152,292523,1998.562308,1765,1.0001863618246787,277.1531268954277,4.011468589305878,0.0,0.0
153,294523,2379.79724,2000,0.978960104886287,287.58716583251953,0.0,16831.916090970542,0.0
154,296523,2448.258067,2000,0.9759676528882535,253.50771099328995,0.0,19225.877689397304,0.0
155,298523,2404.954403,2000,0.9350277022328128,277.20458060503006,0.0,51977.83821375089,0.0
156,300523,2427.542047,2000,0.9964867810952257,262.83860206604004,0.0,2810.575123820886,0.0
157,302186,2049.063782,1663,1.0002792733001598,251.9020512700081,1.0253024101257324,0.0,0.0
158,304186,2408.269248,2000,0.9694078951413925,273.8305628299713,0.0,24473.683886886218,0.0
159,306186,2453.667609,2000,0.9770330545341251,250.74425339698792,0.0,18373.55637269935,0.0
160,308186,2432.435391,2000,0.9910248294803504,260.6659233570099,0.0,7180.136415720316,0.0
161,310186,2436.476074,2000,0.992368405388039,258.57628136873245,0.0,6105.2756895707535,0.0
162,312186,2419.441638,2000,0.9625763601627717,268.5859724879265,0.0,29938.911869783875,0.0
163,314186,2444.216789,2000,0.9692791326029586,255.86139410734177,0.0,24576.69391763291,0.0
164,316186,2457.622627,2000,0.999318157871624,247.65340983867645,0.0,545.4737026994063,0.0
165,318186,2478.238977,2000,0.9883213949010665,237.89658397436142,0.0,9342.884079144469,0.0
166,319604,2055.255989,1418,1.0001150113838906,248.80662560462952,0.6022834777832031,0.0,0.0
167,321604,2485.152884,2000,0.9592099190659044,235.895074903965,0.0,32632.064747274817,0.0
168,323604,2469.706914,2000,0.9935895790566257,241.90103262662888,0.0,5128.336754699375,0.0
169,325604,2464.437761,2000,0.9963102435845232,244.39897388219833,0.0,2951.8051323820628,0.0
170,327604,2459.674592,2000,0.9828780651427481,247.45309352874756,0.0,13697.547885801534,0.0
171,329604,2475.88746,2000,0.8962132173335655,243.67913603782654,0.24895327165722847,83029.42613314834,0.0
172,331604,2458.154098,2000,0.9902711334449472,247.84297496080399,0.0,7783.093244042533,0.0
173,333604,2478.138708,2000,0.9542200624859227,239.65278267860413,0.0,36623.950011262845,0.0
174,335604,2455.727815,2000,0.9775933302064602,249.68891590833664,0.0,17925.335834833655,0.0
175,337604,2493.980155,2000,0.9211393699055291,233.38566720485687,0.0,63088.50407557688,0.0
176,339604,2482.714017,2000,0.9873839356572658,235.70794612169266,0.0,10092.851474188006,0.0
177,341604,2487.76648,2000,0.9947677572975289,232.81223326921463,0.0,4185.794161975873,0.0
178,343604,2510.106004,2000,0.9597223944890212,223.392516374588,0.0,32222.084408782022,0.0
179,345604,2469.075802,2000,0.9794566271339984,242.92313307523727,0.0,16434.69829280261,0.0
180,346741,2056.771517,1137,1.0001925824068703,248.04776161909103,1.241307109594345,0.0,0.0
181,348741,2476.082212,2000,0.9879321696177591,238.99582028388977,0.0,9654.264305790983,0.0
182,350741,2467.372194,2000,0.9841879453908907,243.53653192520142,0.0,12649.643687287384,0.0
183,352741,2487.570509,2000,0.9718008994739598,234.05608534812927,0.0,22559.280420831692,0.0
184,354636,2049.093994,1895,1.0000250385145313,251.8860474228859,0.6613495200872421,0.0,0.0
185,356636,2465.82627,2000,0.9819085773041921,244.42483484745026,0.0,14473.13815664555,0.0
186,358636,2485.599405,2000,0.9469156974844388,236.29014194011688,0.0,42467.44201244743,0.0
187,360636,2501.866023,2000,0.9660967951753311,227.19436883926392,0.0,27122.563859734815,0.0
188,362636,2465.994381,2000,0.9844559573549608,244.21707540750504,0.0,12435.234116030519,0.0
189,364636,2464.977492,2000,0.9974092069913721,244.08017098903656,0.0,2072.634406902496,0.0
190,366636,2499.11174,2000,0.9627454734312956,228.73833775520325,0.0,29803.621254963266,0.0
191,368636,2540.509794,2000,0.9857912435858655,206.8900242447853,0.0,11367.005131308233,0.0
192,370636,2526.914681,2000,0.994298210324253,213.25957775115967,0.0,4561.431740595759,0.0
193,372636,2511.214539,2000,0.9543129046764912,223.10811281204224,0.0,36549.676258807405,0.0
194,374636,2494.571428,2000,0.9728225769758262,230.50497472286224,0.0,21741.938419341135,0.0
195,376636,2499.937101,2000,0.975957727228035,227.66976803541183,0.0,19233.818217573877,0.0
196,378045,2086.992704,1409,1.0000016686009985,232.93791711330414,0.7355422526597977,0.0,0.0
197,379995,2096.502557,1950,1.0012520390913167,228.18119823932648,3.2058656215667725,0.0,0.0
198,381995,2472.281249,2000,0.9917512642311707,240.70552736520767,0.2613816224038601,6598.988615061872,0.0
199,383995,2491.999654,2000,0.9793593126007983,231.46511614322662,0.356253944337368,16512.54991936135,0.0
200,385995,2515.688466,2000,0.9909339303402418,219.04275566339493,0.0,7252.855727806158,0.0
201,387995,2516.126749,2000,0.9956005981573612,218.59458088874817,0.0,3519.5214741112363,0.0
202,389995,2484.423657,2000,0.9840459649283206,235.01669615507126,0.0,12763.228057344235,0.0
203,391995,2478.618385,2000,0.9993999126248235,237.15515434741974,0.0,480.0699001415093,0.0
204,393995,2484.266108,2000,0.993565697786031,234.6198633313179,0.0,5147.44177117753,0.0
205,395099,2082.320205,1104,1.0002156399804654,235.27251183986664,2.367815673351288,0.0,0.0
206,397099,2505.454003,2000,0.9795467060135958,224.7358337044716,0.0,16362.635189124228,0.0
207,399099,2484.540493,2000,0.9813300761126822,235.096737742424,0.0,14935.93910985458,0.0
208,401099,2524.829147,2000,0.9953947085666851,214.2469435930252,0.0,3684.2331466517003,0.0
209,403099,2498.736079,2000,0.9918605424498064,227.4772971868515,0.0,6511.566040154199,0.0
210,405099,2519.370941,2000,0.9929414914535699,217.1010598540306,0.0,5646.806837144616,0.0
211,407099,2510.946322,2000,0.9905062112346074,221.43928706645966,0.0,7595.031012312991,0.0
212,409099,2541.018363,2000,0.991602525664198,206.34488761425018,0.0,6717.979468641915,0.0
213,411099,2520.847409,2000,0.9923103703373177,216.3936048746109,0.0,6151.70373014624,0.0
214,412459,2123.034941,1360,1.0000939464984533,214.91577476263046,0.2778332307934761,0.0,0.0
215,413516,2119.241862,1057,1.0017363147819394,216.81198477745056,4.06429648399353,0.0,0.0
216,414592,2119.518648,1076,1.0002451567644561,216.67512506246567,0.9259788691997528,0.0,0.0
217,416177,2139.839695,1585,1.0000043122967504,206.5146490931511,0.2434219978749752,0.0,0.0
218,418177,2519.177826,2000,0.977019176198673,217.99354255199432,0.0,18384.659041061568,0.0
219,419524,2112.101622,1347,1.0002574383116933,220.3827202320099,0.7593607157468796,0.0,0.0
220,421524,2518.442743,2000,0.9502643932183065,219.6955606341362,0.0,39788.48542535494,0.0
221,423049,1801.806661,1525,1.002118362596902,375.53080916404724,11.263140439987183,0.0,0.0
222,425049,2489.069639,2000,0.8972500116451303,237.03829944133759,0.0,82199.9906838944,0.0
223,427049,2465.854049,2000,0.8425863060081346,251.3752207159996,0.0,125930.95519349334,0.0
224,429049,2469.165622,2000,0.9124812991719113,246.22712284326553,4.676307737827301,70014.96066246854,0.0
225,431049,2503.495063,2000,0.9417380558821257,227.59931534528732,0.5098411068320274,46609.555294299134,0.0
226,433049,2483.349308,2000,0.986766114025519,235.4215309023857,0.0,10587.108779585617,0.0
227,435049,2470.175667,2000,0.9812371805755989,242.282934486866,0.0,15010.255539520946,0.0
228,437049,2488.984057,2000,0.9860401553509347,232.64450579881668,0.0,11167.875719253097,0.0
229,438084,2092.377193,1035,1.0004027119928294,230.2461415529251,3.3365237712860107,0.0,0.0
230,440084,2508.857903,2000,0.9604158992643119,223.98870438337326,0.10482572950422764,31667.280588549518,0.0
231,442084,2484.718467,2000,0.9764182965652518,235.25666445493698,0.0,18865.36274779728,0.0
232,444084,2528.142648,2000,0.980044714275926,213.3636474609375,0.0,15964.228579260025,0.0
233,446084,2489.579405,2000,0.9834964313812256,232.4666976928711,0.0,13202.854895020659,0.0
234,448084,2530.619771,2000,0.9433524461999904,213.95116299390793,0.038551571778953075,45318.04304000624,0.0
235,450084,2523.372018,2000,0.9290673392580212,218.29435229301453,0.21371396258473396,56746.12859358308,0.0
236,452084,2511.031315,2000,0.9813546818202618,221.84758633375168,0.0,14916.25454378873,0.0
237,454084,2523.350735,2000,0.9824015647565125,215.64093232154846,0.0,14078.748194790309,0.0
238,456084,2487.508699,2000,0.8416104041879655,240.6051680445671,0.0,126711.67664962732,0.0
239,458084,2502.771886,2000,0.983998488047215,225.84407776594162,0.0,12801.209562227454,0.0
240,460084,2512.547078,2000,0.990525194342582,220.62581777572632,0.0,7579.844525934942,0.0
241,461512,2098.479033,1428,1.0001196406828317,227.19483822584152,0.8993262052536011,0.0,0.0
242,463512,2497.338843,2000,0.9408892510937513,230.7126224040985,0.0,47288.59912500033,0.0
243,465512,2503.25537,2000,0.997243665605843,224.94303435087204,0.0,2205.0675153273824,0.0
244,467512,2506.18838,2000,0.9556372505059126,225.5583554506302,0.0,35490.19959526891,0.0
245,469512,2856.091777,2000,1.6967788528904497,63.43091279268265,0.0,74595.38427452512,0.0
246,471512,2504.861884,2000,0.9820467462089605,224.90791976451874,0.0,14362.603032832698,0.0
247,473512,2505.271607,2000,0.9803305553373288,224.77848082780838,0.0,15735.555730137432,0.0
248,475512,2486.792398,2000,0.9808742400627593,233.99944603443146,0.0,15300.607949791654,0.0
249,477512,2490.927969,2000,0.9726960414261477,232.32939094305038,0.0,21843.16685908125,0.0
250,479512,2490.437931,2000,0.9797173906945102,232.23309963941574,0.0,16226.087444391967,0.0
251,481512,2517.335848,2000,0.9687388697863125,219.3293496966362,0.0,25008.904170950296,0.0
252,483512,2524.214985,2000,0.9702423694206623,215.81149846315384,0.0,23806.10446346994,0.0
253,485512,2526.537022,2000,0.9699325132112896,214.66000378131866,0.0,24053.989430967053,0.0
254,487512,2499.979443,2000,0.9378816601631805,229.54747080802917,0.0,49694.67186945712,0.0
255,489512,2507.02836,2000,0.9370012424278311,226.06918215751648,0.0,50399.00605773499,0.0
256,491512,2497.281489,2000,0.9605524608854515,229.76920008659363,0.0,31558.031291640367,0.0
257,493512,2507.136549,2000,0.9602281702365166,224.85018521547318,0.0,31817.463810786925,0.0
258,495512,2497.091493,2000,0.9799741467620281,228.89763861894608,0.0,16020.682590376236,0.0
259,497512,2500.846702,2000,0.963444525233047,227.835975587368,0.004529511788859963,29244.37981356233,0.0
260,499512,2520.590844,2000,0.9727850570025834,217.50517934560776,0.0,21771.954397933856,0.0
261,501512,2421.522698,2000,0.9715079181879872,267.09891110658646,0.0,22793.665449609278,0.0
262,503512,2517.04638,2000,0.970529879722207,219.39320862293243,0.0,23576.096222234442,0.0
263,505512,2507.738009,2000,0.991476125977056,222.99259901046753,0.0,6819.09921835461,0.0
264,507051,2014.852024,1539,1.0002086024691785,269.0056711435318,2.17807874083519,0.0,0.0
265,507309,283.602725,258,1.0012485338755295,1134.631723165512,18.677843809127808,0.0,0.0
266,509309,2873.648525,2000,1.499591888983665,58.007581159472466,0.0,172270.82967869157,0.0
267,511309,2459.420248,2000,0.9892227812006763,247.26435542106628,0.0,8621.775039458456,0.0
268,513309,2491.669543,2000,0.958276393713609,232.6887622475624,0.020500544924288988,33378.8850291116,0.0
269,515290,2117.91244,1981,1.0000401728236354,217.47252345085144,0.48291463404893875,0.0,0.0
270,517290,2507.413011,2000,0.9732919126519259,224.06204044818878,0.0,21366.469878459196,0.0
271,519290,2481.344985,2000,0.9773379266533605,236.89455538988113,0.0,18129.658677310435,0.0
272,521290,2513.312827,2000,0.9830251795174783,220.63057869672775,0.0,13579.8563860174,0.0
273,523290,2495.731622,2000,0.9503037558105604,231.05377703905106,0.0,39756.995351552396,0.0
274,525290,2503.293913,2000,0.9685178411771403,226.35769844055176,0.08146394975483418,25185.727058286964,0.0
275,527290,2239.637291,2000,0.9018132769500301,361.52616888284683,4.765828251838684,78549.37843997395,0.0
276,529290,2223.563873,2000,0.9513167738496238,367.0872151851654,0.0,38946.580920298824,0.0
277,531290,2447.855371,2000,0.9667358909491207,254.1569173336029,0.0,26611.28724070412,0.0
278,533290,2489.955803,2000,0.9537409559132588,233.76475274562836,0.0,37007.235269391895,0.0
279,535290,2487.924638,2000,0.9479938617890658,235.07192730903625,0.06313798017799854,41604.91056874832,0.0
280,537290,2527.416673,2000,0.9707902381310032,214.19289708137512,0.0,23367.809495196936,0.0
281,539290,2472.503737,2000,0.9879071273148089,240.78311026096344,0.0,9674.298148150934,0.0
282,541290,2498.691657,2000,0.9872123020587421,227.73735970258713,0.0,10230.158353005712,0.0
283,543290,2478.759423,2000,0.9648117427080355,238.80857974290848,0.0,28150.605833571255,0.0
284,545290,2473.232053,2000,0.9746687001206041,241.0881444811821,0.0,20265.03990351781,0.0
285,547290,2529.95936,2000,0.9695708573127545,212.97137439250946,0.0,24343.31414979621,0.0
286,549290,2539.758276,2000,0.9696114409051787,208.07435363531113,0.0,24310.84727585693,0.0
287,551290,2523.985595,2000,0.9796946577766761,215.45476466417313,0.0,16244.27377866009,0.0
288,553290,2504.443952,2000,0.9899705169340541,224.71797466278076,0.0,8023.586452757709,0.0
289,555290,2495.951351,2000,0.9898602599574515,228.95441204309464,0.0,8111.792034037596,0.0
290,557290,2503.646369,2000,0.982406904645609,225.49863159656525,0.0,14074.476283511558,0.0
291,559290,2489.122044,2000,0.9652796370721822,233.60927402973175,0.0,27776.290342253982,0.0
292,561290,2507.476793,2000,0.980699308716173,223.66174310445786,0.0,15440.553027062722,0.0
293,563290,2509.637672,2000,0.9868671639732496,222.28029370307922,0.0,10506.268821400476,0.0
294,565290,2525.938597,2000,0.9972137014342246,213.60775083303452,0.0,2229.0388526205697,0.0
295,567290,2501.093582,2000,0.9915037485177008,226.31552070379257,0.0,6797.001185839447,0.0
296,569290,2533.002505,2000,0.9796853422940854,210.94632893800735,0.04619229584932327,16251.726164732672,0.0
297,571290,2516.81123,2000,0.9875155798570315,218.64987909793854,0.0,9987.5361143743,0.0
298,573290,2494.215603,2000,0.9919092413255867,229.72769290208817,0.0,6472.606939530143,0.0
299,575290,2517.651609,2000,0.9824465655468787,218.48434209823608,0.0,14042.747562497665,0.0
300,577290,2507.438397,2000,0.9942679983895274,223.00858050584793,0.0,4585.60128837715,0.0
301,578241,2112.08882,951,1.0001061216384457,220.38938105106354,1.1465074867010117,0.0,0.0
302,580241,2512.945682,2000,0.9673006190916218,221.6004654765129,0.0,26159.504726702045,0.0
303,582241,2510.024869,2000,0.986633138585898,222.09569066762924,0.0,10693.489131281878,0.0
304,584241,2456.475503,2000,0.9730180131592376,249.5441883802414,0.0,21585.589472609197,0.0
305,586241,2497.468931,2000,0.9644510169010211,229.47634756565094,0.013027124805375934,28439.18647918073,0.0
306,588241,2500.072854,2000,0.9684149589008716,227.97942906618118,0.0,25268.032879304483,0.0
307,590241,2522.003503,2000,0.9918586055828597,215.83861112594604,0.0,6513.115533713211,0.0
308,592241,2502.77888,2000,0.9880142849625363,225.6445661187172,0.0,9588.572029969762,0.0
309,594241,2506.890618,2000,0.9750213847768051,224.23841804265976,0.0,19982.892178555594,0.0
310,596241,2511.390672,2000,0.9871568193742206,221.3825359940529,0.0,10274.544500624781,0.0
311,598241,2495.857,2000,0.9852106788497963,229.2502149939537,0.0,11831.456920164073,0.0
312,600241,2486.734311,2000,0.9764098573092068,234.24705862998962,0.0,18872.114152634582,0.0
313,602241,2476.92046,2000,0.9798523813277666,238.97480964660645,0.0,16118.094937787993,0.0
314,604241,2503.045238,2000,0.9800810706205347,225.90630501508713,0.0,15935.143503571038,0.0
315,606241,2504.789124,2000,0.9865027928744426,224.7171700000763,0.0,10797.765700447078,0.0
316,608241,2491.854406,2000,0.9844321423730494,231.2862128019333,0.0,12454.286101560436,0.0
317,610241,2510.797231,2000,0.9807607578851009,221.99886292219162,0.0,15391.393691919355,0.0
318,612241,2505.181187,2000,0.9806076954545512,224.81460124254227,0.0,15513.843636358497,0.0
319,614241,2514.393876,2000,0.9848089512408102,219.99185532331467,0.0,12152.839007352713,0.0
320,616241,2517.228578,2000,0.9764346383524599,218.99740397930145,0.005104017327539623,18852.289318033043,0.0
321,618241,2539.425333,2000,0.9833619835666,207.55945891141891,0.0,13310.413146720679,0.0
322,620241,2512.251518,2000,0.9671955018561056,221.95035964250565,0.0,26243.598515116028,0.0
323,622241,2522.918705,2000,0.9800713120660818,215.9767895936966,0.0,15942.9503471351,0.0
324,624241,2480.336314,2000,0.9560461229566091,238.46371471881866,0.0,35163.10163471294,0.0
325,624935,1621.276754,694,1.000672189970712,465.7958596944809,7.049984335899353,0.0,0.0
326,626935,2463.242459,2000,0.9721699180909527,246.2022453546524,0.0,22264.06552723566,0.0
327,628935,2485.681975,2000,0.9853018592512014,234.32493209838867,0.0,11758.512599038386,0.0
328,630935,2454.085697,2000,0.9982915365201328,249.47865307331085,0.0,1366.7707838929507,0.0
329,632935,2418.363656,2000,0.9723911817293643,268.6329782009125,0.0,22087.054616507427,0.0
330,634935,2527.90519,2000,0.9891424923503902,213.02948892116547,0.0,8686.006119688647,0.0
331,636935,2474.293175,2000,0.9752409829047536,240.52633345127106,0.0,19807.213676197665,0.0
332,638935,2465.22287,2000,0.9943554370672519,244.10299211740494,0.0,4515.65034619861,0.0
333,640935,2507.386996,2000,0.9664705278039639,224.41980242729187,0.0,26823.577756829593,0.0
334,642935,2495.496938,2000,0.971356474501324,230.11788725852966,0.0,22914.820398940024,0.0
335,644935,2529.099616,2000,0.9733014921105353,213.2127285003662,0.0,21358.80631157334,0.0
336,646935,2486.696456,2000,0.9939642463007275,233.38618129491806,0.0,4828.602959417238,0.0
337,648935,2476.569819,2000,0.9974038879612628,238.2861077785492,0.0,2076.8896309895854,0.0
338,650935,2521.63999,2000,0.9719332425936218,217.0187160372734,0.0,22453.405925101873,0.0
339,652935,2495.495877,2000,0.9864067953292928,229.356050491333,0.0,10874.563736565387,0.0
340,654935,2507.680232,2000,0.9875803696104674,223.21683168411255,0.0,9935.704311625383,0.0
341,656935,2471.045125,2000,0.9886318961224894,241.47900938987732,0.0,9094.483102009708,0.0
342,658935,2491.340893,2000,0.9889472858307967,231.32119327783585,0.0,8842.171335362847,0.0
343,660935,2475.304453,2000,0.98656012252315,239.45888131856918,0.006385196465998888,10751.901981479628,0.0
344,662935,2539.022535,2000,0.9991747113833291,206.96374028921127,0.0,660.2308933362996,0.0
345,664935,2504.066602,2000,0.991954937721935,224.80081021785736,0.0,6436.04982245248,0.0
346,666935,2507.316545,2000,0.9842072166476068,223.5693857073784,0.0,12634.22668191485,0.0
347,668935,2524.697296,2000,0.9959339546931899,214.29821848869324,0.0,3252.836245449694,0.0
348,670935,2529.390373,2000,0.9923688837586908,212.11984008550644,0.0,6104.892993046743,0.0
349,672935,2524.407898,2000,0.9943563918408574,214.51185643672943,0.0,4514.886527314859,0.0
350,674935,2516.888927,2000,0.9777860261308723,219.10225600004196,0.0,17771.179095301133,0.0
351,676935,2533.712874,2000,0.9836702763253257,210.3869765996933,0.0,13063.778939739701,0.0
352,678935,2519.533869,2000,0.9890585457108675,217.21458435058594,0.0,8753.163431305282,0.0
353,680935,2471.021395,2000,0.9913894923897449,241.3499280810356,0.0,6888.406088203731,0.0
354,681925,2455.070668,990,1.7937570675363168,59.11388620734215,13.468799591064453,0.0,0.0
355,683925,2492.653196,2000,0.982819674128888,230.97266256809235,0.0,13744.260696890724,0.0
356,685925,2503.29145,2000,0.986414080020916,225.4677414894104,0.0,10868.735983268383,0.0
357,687925,2478.290932,2000,0.9860948665480882,237.97781020402908,0.0,11124.106761529714,0.0
358,689925,2549.755309,2000,0.9909329362482941,202.00932025909424,0.0,7253.651001363859,0.0
359,691925,2501.343441,2000,0.9830280878757931,226.61565989255905,0.0,13577.529699366336,0.0
360,693925,2514.159803,2000,0.9899207929323225,219.85850483179092,0.0,8063.365654141519,0.0
361,695925,2507.446947,2000,0.9967980466745954,222.8742465376854,0.0,2561.5626603222204,0.0
362,697925,2509.030327,2000,0.9798165962727197,222.93242812156677,0.0,16146.722981825025,0.0
363,699084,2090.745757,1159,1.0000136139681686,231.06122016906738,0.10314377024769783,0.0,0.0
364,701084,2510.387287,2000,0.9944737224713981,221.51736170053482,0.0,4421.022022881083,0.0
365,703084,2485.082654,2000,0.9681676294241344,235.4862615466118,0.0,25465.896460692416,0.0
366,705084,2501.45404,2000,0.992633581436061,226.0759323835373,0.11828256770968437,5893.134851152076,0.0
367,707084,2525.429184,2000,0.9989411256688052,213.77020329236984,0.10920517146587372,847.0994649557224,0.0
368,709084,2510.553356,2000,0.9879331911889,221.76343202590942,0.039406283758580685,9653.44704888162,0.0
369,711084,2514.387739,2000,0.9993927230943693,219.26984935998917,0.0,485.82152450624125,0.0
370,712979,2127.960594,1895,1.0000092260197757,212.44941651821136,0.02448170678690076,0.0,0.0
371,714979,2513.130737,2000,0.9909230767316131,220.32199054956436,0.0,7261.538614709643,0.0
372,716979,2520.831839,2000,0.9905271289234931,216.4936512708664,0.0,7578.296861205304,0.0
373,718979,2528.504995,2000,0.9911523108248023,212.62456476688385,0.0,7078.151340158193,0.0
374,720979,2512.208043,2000,0.9889509957102526,220.88708728551865,0.0,8839.203431798898,0.0
375,722979,2510.509379,2000,0.9848263241310656,221.9438999891281,0.0,12138.94069514907,0.0
376,724979,2528.756323,2000,0.9871741961022703,212.69626915454865,0.11263796128332615,10260.643118184396,0.0
377,726979,2529.387649,2000,0.9914381160571956,212.1693715453148,0.0,6849.507154243544,0.0
378,728979,2511.052327,2000,0.984527987693494,221.68341279029846,0.0,12377.609845204717,0.0
379,730979,2523.333016,2000,0.9765563034114586,215.94509482383728,0.0,18754.95727083248,0.0
380,732979,2527.61785,2000,0.9912015024112106,213.0681797862053,0.0,7038.79807103111,0.0
381,734979,2507.872113,2000,0.9833008011760136,223.33049029111862,0.0,13359.359059187711,0.0
382,736979,2522.24634,2000,0.9867888722662842,215.9707322716713,0.0,10568.902186970761,0.0
383,738979,2529.302061,2000,0.999039287500302,211.8435725569725,0.0,768.5699997584255,0.0
384,740979,2524.430205,2000,0.9904295172159114,214.6986499428749,0.0,7656.386227271068,0.0
385,742979,2509.622586,2000,0.9965476353909376,221.80214524269104,0.0,2761.8916872501172,0.0
386,744979,2450.405376,2000,0.8470050431822349,258.88489186763763,0.0,122395.96545421242,0.0
387,746979,2475.347086,2000,0.8462998984618089,246.4442476630211,0.009729534504003823,122960.08123055173,0.0
388,748979,2511.907781,2000,0.976909115098921,221.63569182157516,0.0,18472.707920863624,0.0
389,749850,2110.029694,871,1.0005841153957191,221.4188352227211,4.079873263835907,0.0,0.0
390,751850,2493.985137,2000,0.9968360798867162,229.6006679534912,0.0,2531.1360906264877,0.0
391,753850,2509.404532,2000,0.9960052037192583,221.93462401628494,0.028337410185486078,3195.837024591514,0.0
392,755850,2510.630999,2000,0.9861166196895768,221.81139886379242,0.0,11106.70424833948,0.0
393,757850,2504.528964,2000,0.9948468741058927,224.41696375608444,0.0,4122.500715285072,0.0
394,758729,2106.286741,879,1.0005112224574673,223.29077124595642,2.474875748157501,0.0,0.0
395,760729,2509.620523,2000,0.9981042813474631,221.7230647802353,0.0,1516.574922028563,0.0
396,762729,2498.946886,2000,0.9690029124802461,228.51090878248215,0.0,24797.670015803997,0.0
397,764729,2522.478026,2000,0.9940155429068852,215.5006304383278,0.0,4787.565674492929,0.0
398,766729,2514.176694,2000,0.9734477097258304,220.6808477640152,0.0,21241.832219335374,0.0
399,768729,2498.653287,2000,0.9833841400605039,227.9357761144638,0.0,13292.687951595957,0.0
400,770729,2508.504563,2000,0.9897479621406094,222.69675135612488,0.0,8201.630287511123,0.0
401,771595,2115.535666,866,1.0007413810729229,218.66539120674133,5.328895449638367,0.0,0.0
402,773595,2521.448237,2000,0.9945931144459812,215.98340570926666,0.0,4325.508443214751,0.0
403,775595,2518.494262,2000,0.9841806484868278,217.97315776348114,0.0,12655.481210539154,0.0
404,777595,2504.187078,2000,0.9765787065832404,225.51072388887405,0.051868194714188576,18737.034733407632,0.0
405,779595,2516.324582,2000,0.9922368398292799,218.65738928318024,0.0,6210.528136575174,0.0
406,781595,2509.755289,2000,0.9822276870768596,222.4450707435608,0.04470887128263712,14217.850338513128,0.0
407,783595,2511.642808,2000,0.9923641294547846,220.99873423576355,0.0,6108.696436171243,0.0
408,785595,2509.644663,2000,0.9806524829306985,222.5807011127472,0.016866796649992466,15478.013655440662,0.0
409,787595,2521.947911,2000,0.9900443677494921,215.9549742937088,0.0,7964.505800404238,0.0
410,789595,2508.268519,2000,0.9887344446524053,222.86535054445267,0.0,9012.444278076222,0.0
411,791595,2512.061411,2000,0.9822327855973648,221.2931513786316,0.0,14213.771522109158,0.0
412,793595,2503.707134,2000,0.984304947799219,225.364588201046,0.0,12556.041760624343,0.0
413,795595,2518.688652,2000,0.9717020297215636,218.50275993347168,0.0,22638.376222749164,0.0
414,797595,2518.352268,2000,0.9677683475055128,218.87366473674774,0.0,25785.321995588823,0.0
415,799595,2526.177965,2000,0.9770428486916829,214.49565142393112,0.0,18365.72104665543,0.0
416,801595,2517.200828,2000,0.9746595340788873,219.09859031438828,0.0,20272.37273689044,0.0
417,803595,2520.528612,2000,0.9901865380416479,216.65411442518234,0.0,7850.769566682507,0.0
418,805595,2513.56863,2000,0.9807246875048083,220.6115573644638,0.0,15420.249996154394,0.0
419,807595,2522.067427,2000,0.9663180657470147,217.08742529153824,0.0,26945.547402387772,0.0
420,809595,2515.210572,2000,0.9720187776236379,220.22701799869537,0.0,22384.977901089227,0.0
421,811595,2532.146098,2000,0.9944265108433104,210.63684672117233,0.0,4458.791325353135,0.0
422,813595,2538.334963,2000,0.9813124842764085,208.20263028144836,0.0,14950.012578873828,0.0
423,815595,2519.901567,2000,0.9785828517872494,217.55386143922806,0.0,17133.718570200097,0.0
424,817595,2527.821929,2000,0.9779769693306464,213.62178772687912,0.0,17618.424535481892,0.0
425,818661,2131.430205,1066,1.0000466905519527,210.71898937225342,2.6515409350395203,0.0,0.0
426,820661,2534.314711,2000,0.9966420710018477,209.44228023290634,0.0,2686.3431985218585,0.0
427,822661,2530.531426,2000,0.9845251999210735,211.94569766521454,0.0,12379.840063141857,0.0
428,824661,2533.498659,2000,0.9920230958857882,210.08741855621338,0.0,6381.523291369141,0.0
429,825534,2108.636844,873,1.0000748140671583,222.11547195911407,4.724287390708923,0.0,0.0
430,827534,2525.518255,2000,0.9904797998551104,214.15123343467712,0.0,7616.160115912452,0.0
431,829534,2536.561705,2000,0.9798720805805997,209.16158705949783,0.0,16102.33553551987,0.0
432,831534,2521.775741,2000,0.9874311951644626,216.18041396141052,0.0,10055.043868429515,0.0
433,833534,2519.183658,2000,0.9729512570662004,218.18827092647552,0.0,21638.994347038864,0.0
434,835534,2517.009703,2000,0.9815532906606714,218.852698802948,0.0,14757.36747146303,0.0
435,837534,2513.54782,2000,0.987592337552698,220.27791291475296,0.0,9926.12995784277,0.0
436,839534,2525.613902,2000,0.9686224321122651,215.19649028778076,0.0,25102.054310188265,0.0
437,841534,2522.751004,2000,0.9620610750996845,216.95559471845627,0.0,30351.139920252364,0.0
438,843534,2525.619589,2000,0.9782237488883304,214.706651866436,0.0,17421.00088933558,0.0
439,845534,2517.497245,2000,0.967695384506313,219.30503100156784,0.0,25843.692394949852,0.0
440,847534,2538.469508,2000,0.9813300752985524,208.12730491161346,0.0,14935.939761159854,0.0
441,849534,2498.440521,2000,0.9463293756229327,229.90112006664276,0.0,42936.49950165432,0.0
442,851534,2531.662863,2000,0.9827762945902769,211.45789325237274,0.0,13778.964327777823,0.0
443,852547,2119.650033,1013,1.0000038172712282,216.60885214805603,0.43819762766361237,0.0,0.0
444,854547,2524.974787,2000,0.9822907794735815,214.83316272497177,0.0,14167.376421134863,0.0
445,856547,2515.392301,2000,0.9635680758104858,220.55965662002563,0.0,29145.53935161191,0.0
446,858547,2534.792655,2000,0.9740390208957965,210.33968031406403,0.0,20768.783283362784,0.0
447,860547,2543.742997,2000,0.9830693121351333,205.41534572839737,0.0,13544.550291893253,0.0
448,862547,2537.651301,2000,0.9841527690796742,208.39617401361465,0.0,12677.7847362614,0.0
449,864547,2481.495427,2000,0.9835734184531771,236.5015223622322,0.0,13141.265237458061,0.0
450,866547,2536.027883,2000,0.9910458847207655,208.86647701263428,0.0672836322337389,7163.292223386719,0.0
451,868547,2531.644766,2000,0.9771752101156337,211.75123751163483,0.0,18259.831907492557,0.0
452,870547,2531.689999,2000,0.9915288133872504,211.01336181163788,0.0,6776.949290199798,0.0
453,872547,2525.999414,2000,0.9831026434374097,214.27378803491592,0.0,13517.885250073214,0.0
454,874547,2493.006408,2000,0.993299183941516,230.2676886320114,0.0,5360.652846788652,0.0
455,876547,2504.498232,2000,0.9823118894322452,225.06728768348694,0.0,14150.488454203682,0.0
456,878547,2526.657331,2000,0.9746631759721293,214.37492966651917,0.0,20269.45922229731,0.0
457,880547,2558.495223,2000,0.9750505899433648,198.43364506959915,0.05243309773504734,19959.528045309053,0.0
458,882547,2533.371409,2000,0.9796735259703403,210.76156944036484,0.02516960958018899,16261.179223726058,0.0
459,884547,2492.621353,2000,0.9653617444909616,231.85381293296814,0.0,27710.60440723179,0.0
460,886547,2516.824766,2000,0.9732203204892381,219.35666352510452,0.0,21423.743608610344,0.0
461,888547,2501.129314,2000,0.9727672900938069,227.22559422254562,0.0,21786.16792495499,0.0
462,890547,2493.830144,2000,0.9811923020712171,230.4578796029091,0.0,15046.158343025612,0.0
463,892547,2504.577054,2000,0.9791196325076454,225.1838743686676,0.1611027866601944,16704.293993882875,0.0
464,894547,2534.822661,2000,0.9874282383639549,209.65010672807693,0.0,10057.409308834196,0.0
465,896547,2524.728419,2000,0.9828485854912197,214.92616832256317,0.0,13721.131607024552,0.0
466,898547,2534.676234,2000,0.9822256896541584,209.98261123895645,0.0,14219.448276673238,0.0
467,900547,2548.02498,2000,0.9949945914481864,202.67238467931747,0.0,4004.3268414487216,0.0
468,902547,2521.997052,2000,0.9798535558485744,216.44745022058487,0.0,16117.155321140997,0.0
469,904547,2521.655902,2000,0.9892167804391016,216.1460593342781,0.0,8626.5756487176,0.0
470,906547,2511.844029,2000,0.9856750177376464,221.2287336587906,0.16409564763307571,11459.98580988398,0.0
471,908547,2523.256301,2000,0.9871219311644607,215.45051783323288,0.0,10302.455068431578,0.0
472,910547,2507.561881,2000,0.9882229704116546,223.2435643672943,0.0,9421.623670676201,0.0
473,912547,2517.922664,2000,0.9849331307628997,218.223474919796,0.0,12053.495389681073,0.0
474,914547,2526.080439,2000,0.9918275201460214,213.8020098209381,0.0,6537.983883183542,0.0
475,916547,2526.851329,2000,0.9808104484047134,213.96542340517044,0.0,15351.64127622831,0.0
476,918547,2530.773355,2000,0.9720702447488369,212.44528144598007,0.0,22343.804200930765,0.0
477,920547,2720.032307,2000,1.5952672767144893,136.43689826130867,0.0,124600.45168109307,0.0
478,922547,2514.133914,2000,0.9773490098790751,220.50464898347855,0.0,18120.792096739093,0.0
479,924547,2527.069895,2000,0.9793928070974202,213.92809599637985,0.0,16485.754322063196,0.0
480,926547,2529.015572,2000,0.9903238324646738,212.40927278995514,0.0,7740.934028260832,0.0
481,928547,2529.037363,2000,0.9862190621503878,212.6021459698677,0.0,11024.75027968953,0.0
482,930547,2527.274461,2000,0.9993763078125217,212.82776445150375,0.0,498.95374998326866,0.0
483,932480,2123.806215,1933,1.0000322842588125,214.52077478170395,1.055571511387825,0.0,0.0
484,934480,2522.832156,2000,0.9906044872334187,215.48547595739365,0.0,7516.410213264068,0.0
485,936480,2549.729227,2000,0.9736349849571676,202.8869166970253,0.0,21092.012034266758,0.0
486,938480,2511.560986,2000,0.9793977485116803,221.6825634241104,0.0,16481.801190655835,0.0
487,940480,2513.855621,2000,0.9785897731968848,220.5715924501419,0.0,17128.1814424919,0.0
488,942480,2519.591676,2000,0.9951681759644185,216.87883883714676,0.0,3865.459228464406,0.0
489,944480,2521.952124,2000,0.9806905133430128,216.42659604549408,0.0,15447.589325589815,0.0
490,946480,2498.447202,2000,0.9753487452886215,228.44139486551285,0.0,19721.003769104038,0.0
491,948480,2485.734854,2000,0.9754396785921883,234.78716611862183,0.0,19648.257126249886,0.0
492,950480,2513.348264,2000,0.9806661790171931,220.72096914052963,0.0,15467.056786245575,0.0
493,952480,2521.428957,2000,0.9873889018952059,216.35109186172485,0.0,10088.878483832932,0.0
494,954480,2524.678636,2000,0.9874344481543996,214.71921354532242,0.0,10052.44147647871,0.0
495,956480,2506.762402,2000,0.9813610777816987,223.9852175116539,0.0,14911.137774642311,0.0
496,958480,2518.606124,2000,0.9734259414470414,218.45749765634537,0.05117055028676987,21259.246842366385,0.0
497,960480,2520.725778,2000,0.9808367718859778,217.02881902456284,0.0,15330.582491217436,0.0
498,962480,2496.3793,2000,0.9704854643784101,229.722261428833,0.0,23611.628497271864,0.0
499,964480,2510.038142,2000,0.9747779254095672,222.6729914546013,0.15271924436092377,20177.65967234535,0.0
500,966480,2526.678073,2000,0.9795322836266765,214.12166208028793,0.0,16374.17309865997,0.0
501,968480,2520.089962,2000,0.9814658456148794,217.3178717494011,0.0,14827.323508096848,0.0
502,970480,2505.010088,2000,0.9855530397881367,224.65746849775314,0.0,11557.56816948991,0.0
503,972480,2508.146614,2000,0.9904347254685211,222.83761203289032,0.0,7652.219625182411,0.0
504,974480,2530.95236,2000,0.9868322502897495,211.6207703948021,0.0,10534.199768199698,0.0
505,976480,2540.845041,2000,0.9899871504965128,206.51572197675705,0.0,8010.279602790339,0.0
506,978480,2540.825463,2000,0.9892834737585294,206.55863732099533,0.0,8573.220993176767,0.0
507,980480,2531.285431,2000,0.9882636301146486,211.37356013059616,0.0,9389.095908281346,0.0
508,982025,1702.750454,1545,1.0002148920579443,425.0582456588745,0.6661319732666016,0.0,0.0
509,984025,2514.823701,2000,0.9460457616926182,221.71928733587265,0.0,43163.39064590615,0.0
510,986025,2530.562188,2000,0.9646577937948929,212.92099356651306,0.0,28273.764964085265,0.0
511,988025,2525.536621,2000,0.9742136878181533,214.9534821510315,0.0,20629.04974547662,0.0
512,990025,2519.190247,2000,0.974548941417059,218.1127890944481,0.0,20360.846866352033,0.0
513,992025,2493.377007,2000,0.9290063135338366,233.29465091228485,0.0,56794.949172929206,0.0
514,994025,2519.697498,2000,0.9315574844912811,220.00785917043686,0.0,54754.012406976566,0.0
515,996025,2495.574356,2000,0.8986877293059262,233.71101915836334,0.018974902341142297,81049.81655526086,0.0
516,998025,2491.813825,2000,0.9587758232072577,232.59463906288147,0.0,32979.341434193506,0.0
517,1000025,2532.831564,2000,0.9937031660337325,210.33161133527756,0.0,5037.467173015216,0.0
518,1002025,2489.560171,2000,0.8973264789060692,236.78695410490036,0.028141553048044443,82138.81687514635,0.0
519,1004025,2533.182883,2000,0.982151029392975,210.73539555072784,1.4253105223178864,14279.17648562014,0.0
520,1006025,2530.2708,2000,0.9777386920145643,212.41123974323273,1.6788290441036224,17809.04638834844,0.0
521,1008025,2540.73965,2000,0.9781341707758052,207.15701580047607,0.6407227367162704,17492.663379355203,0.0
522,1010025,2518.514227,2000,0.9838895514588185,217.98323839902878,0.0,12888.358832945909,0.0
523,1012025,2532.535378,2000,0.99282344067583,210.52535623311996,0.0,5741.247459336173,0.0
524,1014025,2521.661172,2000,0.9809262347056744,216.5599912405014,0.0,15259.012235458982,0.0
525,1016025,2533.275384,2000,0.9745713242286165,211.07091754674911,0.009200263302773237,20342.940617106688,0.0
526,1018025,2522.015485,2000,0.9869481995285957,216.08322858810425,0.0,10441.440377123628,0.0
527,1020025,2538.24799,2000,0.9897061927175256,207.82600343227386,0.0,8235.045825979747,0.0
528,1022025,2524.78453,2000,0.9890840793645486,214.58928287029266,0.0,8732.736508361515,0.0
529,1024025,2522.93244,2000,0.9806303803320041,215.9384787082672,0.0,15495.695734395655,0.0
530,1026025,2528.546578,2000,0.993884462880907,212.46910840272903,0.0,4892.429695274372,0.0
531,1028025,2513.693185,2000,0.9823094148474775,220.46752274036407,0.0,14152.468122017824,0.0
532,1030025,2514.064204,2000,0.9796520884460616,220.41551023721695,0.0,16278.329243151911,0.0
533,1032025,2509.742502,2000,0.9791105853715274,222.6051539182663,0.0,16711.531702778273,0.0
534,1034025,2519.633396,2000,0.9727158147851529,217.9785892367363,0.0,21827.348171877144,0.0
535,1036025,2520.731999,2000,0.9823171574900056,216.95581823587418,0.0,14146.274007993581,0.0
536,1038025,2512.585236,2000,0.977808781832975,221.2485820055008,0.0,17752.97453361996,0.0
537,1040025,2534.513884,2000,0.9901609024974534,209.66803282499313,0.0,7871.278002038071,0.0
538,1042025,2520.47611,2000,0.9824711315830752,217.07052737474442,0.0,14023.09473354007,0.0
539,1043025,2466.354815,1000,1.6691382838158946,59.77622978389263,3.247840404510498,0.0,0.0
540,1045025,2528.78368,2000,0.9790526964247378,213.09301257133484,0.0,16757.842860210145,0.0
541,1047025,2540.932289,2000,0.9891703021635612,206.50159567594528,0.0,8663.758269150221,0.0
542,1049025,2525.067296,2000,0.9831400335669843,214.7453874349594,0.0,13487.973146412713,0.0
543,1051025,2532.362118,2000,0.9829090957404351,211.11034601926804,0.0,13672.723407652176,0.0
544,1052956,2130.049646,1931,1.0000042409273393,211.40903234481812,0.47747034579515457,0.0,0.0
545,1054956,2544.007951,2000,0.980110824804417,205.42748272418976,0.0,15911.340156466367,0.0
546,1056956,2528.17307,2000,0.9959003034656105,212.55328506231308,0.0,3279.757227512813,0.0
547,1058956,2516.485985,2000,0.9906449916432537,218.6550870537758,0.0,7484.006685396834,0.0
548,1060956,2504.832658,2000,0.9872590650276546,224.65525567531586,0.0,10192.747977876808,0.0
549,1062956,2538.18841,2000,0.9841917079848075,208.12292397022247,0.0,12646.633612153735,0.0
550,1064956,2504.236095,2000,0.9630514668902688,226.16098076105118,0.3556230664253235,29558.82648778463,0.0
551,1066956,2527.951904,2000,0.9887638312629442,213.02276104688644,0.036284688394516706,8988.934989645628,0.0
552,1068956,2516.327139,2000,0.9757211955488244,219.49222683906555,0.0,19423.043560939608,0.0
553,1070956,2502.981723,2000,0.9689482731881243,226.49502754211426,0.0,24841.381449499353,0.0
554,1072956,2515.30174,2000,0.9972076982697144,218.91816705465317,0.0,2233.841384227873,0.0
555,1074956,2505.384218,2000,0.9801075073308763,224.7411534190178,0.0,15913.994135298826,0.0
556,1076956,2528.722157,2000,0.9713272903804133,213.51081132888794,0.0,22938.16769566938,0.0
557,1078956,2531.594678,2000,0.9675734945963057,212.25759387016296,0.003159685293212533,25941.204322954396,0.0
558,1080956,2519.386043,2000,0.990834324809941,217.19777584075928,0.0,7332.540152047087,0.0
559,1082956,2531.390974,2000,0.9927436009723875,211.09919250011444,0.0,5805.11922209021,0.0
560,1084956,2525.487284,2000,0.9843003481291966,214.47864174842834,0.0,12559.721496641916,0.0
561,1086956,2512.281858,2000,0.9793024541675883,221.32723778486252,0.01650033867917955,16558.03666592923,0.0
562,1088956,2508.892388,2000,0.9716929418674891,223.39539974927902,0.0,22645.646506008125,0.0
563,1090956,2518.011035,2000,0.9704397750676984,218.90904754400253,0.022536981850862503,23648.17994584153,0.0
564,1092956,2518.864967,2000,0.9870180578131376,217.65071153640747,0.0,10385.553749489896,0.0
565,1094956,2514.746097,2000,0.9728819698353892,220.4149067401886,0.0,21694.424131691096,0.0
566,1096956,2521.780107,2000,0.9784423101161329,216.62487834692,0.0,17246.15190709378,0.0
567,1098956,2500.055653,2000,0.9786074552062891,227.4727150797844,0.0,17114.035834969214,0.0
568,1100956,2530.354221,2000,0.9697547425295369,212.77622133493423,0.0,24196.205976370347,0.0
569,1102956,2502.146307,2000,0.9885075299284812,225.93656927347183,0.011656387941911817,9193.976057215208,0.0
570,1104956,2523.313065,2000,0.9839821306307186,215.58096259832382,0.0,12814.29549542604,0.0
571,1106956,2528.322002,2000,0.9836356389014654,213.08762580156326,0.0,13091.488878826785,0.0
572,1108956,2528.491066,2000,0.9816662015583816,213.09813112020493,0.0,14667.038753295228,0.0
573,1110956,2514.600008,2000,0.9791030327940033,220.18180042505264,0.0,16717.573764798046,0.0
574,1112956,2518.451092,2000,0.9843495619292771,217.99781173467636,0.0,12520.350456579206,0.0
575,1114956,2536.531135,2000,0.9833634485723669,209.0054601430893,0.0,13309.241142105957,0.0
576,1116956,2541.612714,2000,0.9706565979270712,207.08665251731873,0.0,23474.72165834287,0.0
577,1118956,2539.962843,2000,0.9827477533597763,207.31128752231598,0.8501148223876953,13801.79731217937,0.0
578,1120956,2536.767717,2000,0.9846511577114103,208.81455391645432,0.0,12279.073830873887,0.0
579,1122956,2569.21469,2000,1.7961603400779103,201.94177329540253,0.0,15305.967125645699,0.0
580,1124956,2523.846505,2000,0.9908656530982347,214.9760127067566,0.0,7307.477521412617,0.0
581,1126956,2524.829141,2000,0.973893759167,215.3250351548195,0.0,20884.99266639898,0.0
582,1128956,2521.108305,2000,0.9773008025197165,217.01236814260483,0.0,18159.357984225113,0.0
583,1130956,2540.735909,2000,0.9794393742569071,207.09476619958878,0.0,16448.500594476987,0.0
584,1132956,2451.932169,2000,0.9859411491249014,251.17097049951553,0.0,11247.08070007819,0.0
585,1134956,2510.937478,2000,0.9758373394754086,222.1677303314209,0.0,19330.128419672452,0.0
586,1136956,2510.75088,2000,0.9807717861149268,222.01987355947495,0.027810509782284498,15382.571108058684,0.0
587,1138956,2482.149428,2000,0.9811100580329487,236.30230128765106,0.0,15111.953573639465,0.0
588,1140956,2702.394902,2000,1.7104718000012058,139.67641443014145,0.0,123432.43677434087,0.0
589,1142956,2525.533554,2000,0.9801240621419502,214.6642506122589,0.0,15900.75028643792,0.0
590,1144956,2756.942735,2000,1.711801729906451,112.12871968746185,0.0,94353.89357736066,0.0
591,1146956,2934.888037,2000,1.7820805365094656,13.236855156719685,0.0,70114.15365403585,0.0
592,1148956,2514.567995,2000,0.9758704380190102,220.34785151481628,0.0,19303.649584791627,0.0
593,1150956,2553.223256,2000,0.9847981198809221,200.58920234441757,0.0,12161.504095262497,0.0
594,1152956,2521.248255,2000,0.9822822483481112,216.69868379831314,0.0,14174.201321510758,0.0
595,1154956,2539.24986,2000,0.9896920834386705,207.32398331165314,0.0,8246.333249063282,0.0
596,1156956,2520.459959,2000,0.981857912848472,217.11071580648422,0.0,14513.669721221439,0.0
597,1158956,2520.552675,2000,0.9746843344618339,217.4244225025177,0.0,20252.532430531894,0.0
598,1160956,2533.476234,2000,0.9748311785157624,210.95815300941467,0.0,20135.057187390124,0.0
599,1162956,2550.424689,2000,0.9739553480302532,202.5245949625969,0.0,20835.721575797746,0.0
600,1164956,2541.298984,2000,0.9786955541913741,206.84657245874405,0.0,17043.556646900277,0.0
601,1166956,2554.787571,2000,0.9752372083906302,200.27600973844528,0.0,19810.23328749698,0.0
602,1168956,2524.545532,2000,0.9917807928710803,214.57035094499588,0.0,6575.365703135125,0.0
603,1170956,2535.463259,2000,0.9883163807801694,209.28724855184555,0.0,9346.895375864877,0.0
604,1172956,2544.214438,2000,0.9883961523656125,204.91419732570648,0.0,9283.07810750978,0.0
605,1174956,2536.551794,2000,0.988426467276778,208.74148607254028,0.0,9258.826178576619,0.0
606,1176956,2533.639056,2000,0.9895891996166762,210.13746410608292,0.0,8328.640306659572,0.0
607,1178956,2541.241396,2000,0.9730321573352433,207.1627601981163,0.0,21574.27413180381,0.0
608,1180956,2526.543204,2000,0.9756872663752346,214.37137573957443,0.0,19450.186899814293,0.0
609,1182956,2535.513403,2000,0.9685764052065634,210.24642884731293,0.0,25138.87583474855,0.0
610,1184956,2539.792148,2000,0.9810972761786607,207.4839323759079,0.0,15122.179057072115,0.0
611,1186956,2535.678593,2000,0.984057070591218,209.39668267965317,0.0,12754.343527024404,0.0
612,1188956,2533.847539,2000,0.981797539922801,210.42454987764359,0.0,14561.968061759795,0.0
613,1190956,2539.665465,2000,0.9880812001203335,207.19490200281143,0.0,9535.03990373475,0.0
614,1192956,2539.954253,2000,0.9889883164509249,206.9990113377571,0.0,8809.34683925904,0.0
615,1194956,2542.815409,2000,0.9868610034492393,205.67920804023743,0.0,10511.197240609607,0.0
616,1196956,2529.309947,2000,0.9765124386419858,212.94209361076355,0.0,18790.049086412004,0.0
617,1198956,2559.47764,2000,0.9973689331199357,196.83169573545456,0.0,2104.853504051522,0.0
618,1200956,2529.665568,2000,0.987603062373947,212.21836656332016,0.0,9917.550100843075,0.0
619,1202956,2538.086533,2000,0.9882190205809632,207.96974748373032,0.0,9424.783535229402,0.0
620,1204956,2549.799447,2000,0.9866637883064944,202.19586789608002,0.0,10668.969354805322,0.0
621,1206956,2535.062897,2000,0.9819090994017861,209.8102569580078,0.0,14472.720478569912,0.0
622,1208956,2546.081684,2000,0.9838656202106443,204.2028307914734,0.0,12907.5038314846,0.0
623,1210956,2548.358365,2000,0.9821423919932297,203.14870029687881,0.0,14286.086405417522,0.0
624,1212956,2525.205067,2000,0.9725640154591174,215.20131826400757,0.0,21948.78763270721,0.0
625,1214956,2522.69467,2000,0.9785737469074719,216.16092324256897,0.0,17141.00247401988,0.0
626,1216956,2510.476355,2000,0.981325065746767,222.12284803390503,0.0,14939.947402586933,0.0
627,1218956,2526.308771,2000,0.9782351228882217,214.36775475740433,0.0,17411.901689423,0.0
628,1220956,2548.730627,2000,0.9882106445827271,202.6609629392624,0.0,9431.484333818087,0.0
629,1222956,2529.243385,2000,0.9802836517132627,212.80664205551147,0.0,15773.078629389613,0.0
630,1224956,2519.463163,2000,0.981697761206911,217.620849609375,0.0,14641.791034471738,0.0
631,1226956,2533.961338,2000,0.9817203694789486,210.36681532859802,0.0,14623.704416840446,0.0
632,1228956,2535.974013,2000,0.9854096699496074,209.17220413684845,0.0,11672.264040313039,0.0
633,1230956,2536.069666,2000,0.9866975361993995,209.06513929367065,0.0,10641.971040479875,0.0
634,1232956,2547.890123,2000,0.988971676191085,203.04521173238754,0.0,8822.659047133058,0.0
635,1234956,2531.710414,2000,0.9616695891443461,212.49548345804214,0.0,30664.32868452207,0.0
636,1236956,2546.60055,2000,0.9779740637083093,204.2379453778267,0.0,17620.749033353557,0.0
637,1238956,2533.391872,2000,0.9811914807066704,210.6846570968628,0.0,15046.815434662973,0.0
638,1240956,2541.919884,2000,0.9845365234570166,206.25170320272446,0.0,12370.781234386173,0.0
639,1242956,2536.600678,2000,0.9860276881007746,208.83549749851227,0.0,11177.8495193799,0.0
640,1244956,2533.121894,2000,0.9825197868988047,210.7442021369934,0.0,13984.170480957833,0.0
641,1246956,2540.341607,2000,0.9929262732066341,206.62019401788712,0.0,5658.98143469121,0.0
642,1248956,2537.65806,2000,0.984658403578733,208.36986601352692,0.0,12273.27713701254,0.0
643,1250956,2536.761176,2000,0.9822213303029643,208.93411338329315,0.0,14222.93575762843,0.0
644,1252956,2545.752266,2000,0.9850888570290589,204.30589467287064,0.0,11928.914376751974,0.0
645,1254956,2537.302801,2000,0.9797143840073425,208.79705250263214,0.0,16228.492794125832,0.0
646,1256956,2512.041462,2000,0.9893618335008523,220.93523293733597,0.0,8510.533199317939,0.0
647,1258956,2539.010087,2000,0.9861192739342172,207.61437714099884,0.0,11104.580852626443,0.0
648,1260956,2504.864817,2000,0.9780541599795317,225.09118169546127,0.0,17556.67201637454,0.0
649,1262956,2531.104208,2000,0.9767917877129455,212.04453706741333,0.0,18566.569829644955,0.0
650,1264956,2546.439176,2000,0.9872649514151622,203.86169850826263,0.0,10188.038867869982,0.0
651,1266956,2531.589392,2000,0.9826159900107885,211.50337904691696,0.0,13907.207991370127,0.0
652,1268956,2535.668751,2000,0.9954525456912116,208.8177278637886,0.0,3637.9634470314577,0.0
653,1270956,2531.928888,2000,0.9800639498836676,211.46734803915024,0.0,15948.840093067274,0.0
654,1272956,2534.027214,2000,0.9916716235951167,209.83323454856873,0.0,6662.701123907996,0.0
655,1274956,2521.580761,2000,0.9844508974491585,216.43010526895523,0.0,12439.282040672655,0.0
656,1276956,2523.970272,2000,0.9830756758400575,215.29613435268402,0.0,13539.45932795302,0.0
657,1278956,2532.374028,2000,0.9844980512903883,211.02266013622284,0.0,12401.558967688241,0.0
658,1280956,2507.920781,2000,0.982048890421235,223.37765246629715,0.0,14360.887663011446,0.0
659,1282956,2524.69347,2000,0.9828548920314433,214.94782716035843,0.0,13716.086374845254,0.0
660,1284956,2545.622253,2000,0.9886708910929313,204.19031381607056,0.0,9063.287125654007,0.0
661,1286956,2531.502301,2000,0.9874033588100377,211.31736785173416,0.0028296286473050714,10077.312951970222,0.0
662,1288956,2518.916527,2000,0.9847357564136809,217.7327424287796,0.0,12211.394869055766,0.0
663,1290956,2530.391594,2000,0.9800524933656933,212.23184466362,0.0,15958.00530744443,0.0
664,1292956,2530.134078,2000,0.9744537016118966,212.64327317476273,0.0,20437.03871048184,0.0
665,1294956,2540.238758,2000,0.9836305671542884,207.13365823030472,0.0,13095.54627656984,0.0
666,1296956,2540.586745,2000,0.9734093987758274,207.4672356247902,0.0,21272.48097933932,0.0
667,1298956,2543.085803,2000,0.9772137237851589,206.0350701212883,0.0,18229.020971872356,0.0
668,1300956,2541.788819,2000,0.9821448848022835,206.43436163663864,0.0,14284.092158173113,0.0
669,1302956,2526.855413,2000,0.96608278288955,214.70504254102707,0.0,27133.773688360834,0.0
670,1304956,2523.475984,2000,0.9655608564204345,216.4166495203972,0.0,27551.314863652085,0.0
671,1306956,2535.839582,2000,0.9802746816882615,209.50410515069962,0.0,15780.254649391021,0.0
672,1308956,2539.213946,2000,0.9953703286117096,207.0571929216385,0.0,3703.737110633112,0.0
673,1310956,2523.288359,2000,0.9813122905938003,215.71581065654755,0.0,14950.16752495917,0.0
674,1312956,2530.070265,2000,0.9821337897349653,212.29411661624908,0.0,14292.968212026171,0.0
675,1314956,2512.039592,2000,0.9749841199146825,221.6668277978897,0.0,20012.704068253388,0.0
676,1316956,2530.137625,2000,0.9770247078285421,212.50969916582108,0.0,18380.233737166538,0.0
677,1318956,2525.306633,2000,0.9799807431207829,214.78157490491867,0.0,16015.40550337306,0.0
678,1320956,2543.956666,2000,0.9907377248638862,204.92110401391983,0.0,7409.820108889948,0.0
679,1322956,2529.810217,2000,0.9721941381473856,212.91377395391464,0.0,22244.689482091428,0.0
680,1324956,2528.344845,2000,0.9823807186899239,213.14091235399246,0.0,14095.42504806099,0.0
681,1326956,2521.936804,2000,0.966345946606089,217.14786440134048,0.0,26923.242715127217,0.0
682,1328956,2535.876671,2000,0.9677334526727506,210.09953320026398,0.0,25813.23786180112,0.0
683,1330956,2554.49951,2000,0.984233428076819,199.96972382068634,0.0,12613.257538545628,0.0
684,1332956,2546.083202,2000,0.9634247055310968,205.21804690361023,0.0,29260.23557512351,0.0
685,1334956,2522.540799,2000,0.9791816050685852,216.21032059192657,0.0,16654.715945131313,0.0
686,1335773,2168.210467,817,1.7623518020781936,204.03074473142624,2.9737281799316406,0.0,0.0
687,1337773,2606.686001,2000,1.6247310386619507,179.48835343122482,0.0,145737.06607496555,0.0
688,1339773,2547.398127,2000,0.9881443217277939,203.32670956850052,0.0,9484.542617765077,0.0
689,1341773,2718.041457,2000,1.5763787658631976,123.7281896173954,2.683229446411133,114194.41770589398,0.0
690,1343773,2865.068094,2000,1.6328454104974957,46.069007366895676,0.0,41623.23393686338,0.0
691,1345773,2732.279214,2000,1.4029042220852752,108.39221253991127,0.0,232656.44724564374,0.0
692,1347773,2557.197356,2000,0.9775095696392577,198.9678293466568,0.0,17992.344288593496,0.0
693,1349773,2537.078272,2000,0.9703015867732602,209.38025414943695,0.0,23758.73058139114,0.0
694,1351773,2538.969568,2000,0.9837098043860443,207.76259154081345,0.0,13032.156491164498,0.0
695,1353773,2546.851778,2000,0.9786623267320322,204.07263189554214,0.0,17070.13861437337,0.0
696,1355773,2549.967835,2000,0.9842618884883702,202.24173367023468,0.0,12590.489209303647,0.0
697,1357773,2575.662413,2000,0.9839552918367783,189.4042119383812,0.0,12835.766530577457,0.0
698,1359773,2535.714687,2000,0.981968607921067,209.4801664352417,0.0,14425.113663145505,0.0
699,1360814,2144.71023,1041,1.7201314203793692,218.38532388210297,19.27716374397278,0.0,0.0
700,1361961,2070.321592,1147,1.68247636779059,256.94815814495087,12.995264530181885,0.0,0.0
701,1363961,2811.120705,2000,1.6165192482487605,89.81485851109028,0.0,55850.21026307266,0.0
702,1365961,2863.916163,2000,1.5650639645038553,65.99078513681889,0.0,66794.98385085019,0.0
703,1367961,2528.851432,2000,0.9882521351967589,212.58927136659622,0.0,9398.291842592873,0.0
704,1369961,2543.547631,2000,0.9764310846165037,205.83750307559967,0.0,18855.13230679622,0.0
705,1371961,2968.618848,2000,1.4287791189373693,12.163545470684767,0.0,192414.55212059277,0.0
706,1373961,2868.841687,2000,1.3728994027733026,73.15322197973728,2.0090599358081818,230371.9988610686,0.0
707,1375961,2859.106545,2000,1.28530716155466,79.1998989880085,1.0511739552021027,320908.90906324604,0.0
708,1377961,2940.762199,2000,1.4790745979489093,23.6806757748127,0.015756419161334634,145026.45619190112,0.0
709,1379422,1664.192403,1461,1.7211035749727284,450.92327892780304,16.86433434486389,0.0,0.0
710,1381422,2569.469533,2000,0.9874101833118956,192.33698397874832,0.0,10071.853350482012,0.0
711,1383422,2561.078015,2000,0.9896684387975839,196.41555100679398,0.0,8265.248961931464,0.0
712,1385422,2557.221861,2000,0.9846968911886134,198.5861286520958,0.0,12242.487049109588,0.0
713,1387422,2560.924105,2000,0.9766087307795122,197.14540243148804,0.0,18713.015376390304,0.0
714,1389422,2545.709988,2000,0.9838180317537056,204.38099652528763,0.0,12945.574597035882,0.0
715,1391422,2537.423244,2000,0.982802294422529,208.58602970838547,0.0,13758.16446197648,0.0
716,1393422,2501.725719,2000,0.9779923557508754,226.67846828699112,0.0,17606.115399299113,0.0
717,1395422,2544.860074,2000,0.9823727523473537,204.89385724067688,0.0,14101.798122116357,0.0
718,1397422,2519.692282,2000,0.9760632601037265,217.77936816215515,0.0,19149.391917017343,0.0
719,1399422,2545.762824,2000,0.9841580883236289,204.34170216321945,0.0,12673.529341096377,0.0
720,1401422,2552.70898,2000,0.9785163716965953,201.15559548139572,0.0,17186.902642723715,0.0
721,1403422,2531.368408,2000,0.9833130755130984,211.5805596113205,0.0,13349.539589520631,0.0
722,1405422,2526.549849,2000,0.9869804052077067,213.81215751171112,0.0,10415.675833835272,0.0
723,1407422,2832.70001,2000,1.5549726697060724,82.11246505379677,0.0,131901.17308074737,0.0
724,1409422,2521.083794,2000,0.98391489223604,216.69376641511917,0.0,12868.086211167802,0.0
725,1411422,2719.548033,2000,1.6084241333023395,136.09448075294495,0.2279072254896164,83967.98066478524,0.0
726,1413422,2753.176842,2000,1.512701334691881,124.02518838644028,0.0,137017.16054223996,0.0
727,1415422,2453.03545,2000,0.9911141924949469,250.35414844751358,0.0,7108.6460040404045,0.0
728,1417422,2511.222443,2000,0.9822716291929062,221.70527279376984,0.0,14182.696645675358,0.0
729,1419422,2526.589769,2000,0.9796909121756222,214.1536921262741,0.0,16247.270259501598,0.0
730,1421422,2528.786759,2000,0.9824539864103855,212.90867775678635,0.0,14036.810871691969,0.0
731,1423422,2521.086102,2000,0.9918066632927169,216.29181504249573,0.0,6554.669365826848,0.0
732,1425422,2514.481013,2000,0.9965419548346379,219.36077624559402,0.0,2766.436132289576,0.0
733,1427422,2527.183903,2000,0.9790553543764166,213.8892263174057,0.0,16755.716498865295,0.0
734,1429422,2827.405554,2000,1.2736364121413886,94.06929463148117,0.0,264151.2918108527,0.0
735,1431422,2515.527078,2000,0.9790451331900994,219.71751004457474,0.0,16763.893447919352,0.0
736,1433422,2517.514452,2000,0.9698928761056784,219.18261051177979,0.0,24085.699115457828,0.0
737,1435422,2537.800043,2000,0.9756196568789515,208.74519646167755,0.0,19504.274496839527,0.0
738,1437422,2513.907324,2000,0.9883474629350011,220.06570547819138,0.0,9322.029651998057,0.0
739,1439422,2515.337809,2000,0.9885234082999519,219.32894736528397,0.0,9181.273360040057,0.0
740,1441422,2529.754731,2000,0.9749676208991481,212.8104642033577,0.0,20025.90328068162,0.0
741,1443422,2533.807131,2000,0.9683376560116062,211.10185235738754,0.0,25329.87519071539,0.0
742,1445422,2529.73479,2000,0.9890998452276683,212.10969239473343,0.0,8720.123817864358,0.0
743,1447422,2523.72782,2000,0.9907230919407951,215.03285318613052,0.0,7421.526447363525,0.0
744,1449422,2490.757836,2000,0.9908211784254117,231.51078075170517,0.0,7343.057259672022,0.0
745,1451422,2515.472589,2000,0.985986826382945,219.3891629576683,0.0,11210.538893643561,0.0
746,1453422,2534.856481,2000,0.9790335469289718,210.04611253738403,0.0,16773.162456823735,0.0
747,1454033,1536.146344,611,1.9394277118090777,511.54446601867676,20.0,0.0,0.0
748,1454403,702.231576,370,1.0045426907785655,925.3183901309967,20.0,0.0,0.0
749,1456403,2885.060192,2000,1.608304023104242,48.03149588406086,0.0,130432.16470918294,0.0
750,1458403,2527.525631,2000,0.9887332678365178,213.22383731603622,0.0,9013.385730785552,0.0
751,1460403,2535.626172,2000,0.9864315063956846,209.29992198944092,0.0,10854.79488345255,0.0
752,1462403,2517.483595,2000,0.9879520736213939,218.28333288431168,0.0,9638.34110288533,0.0
753,1464403,2516.917444,2000,0.9864238624748394,218.64833682775497,0.0,10860.910020128878,0.0
754,1466403,2528.246112,2000,0.9840432966238407,213.11621367931366,0.0,12765.36270092828,0.0
755,1468403,2534.178591,2000,0.9856606552314726,210.06233990192413,0.0,11471.4758148209,0.0
756,1470403,2515.262139,2000,0.9820780983792382,219.69562768936157,0.0,14337.52129660915,0.0
757,1472403,2559.714824,2000,0.9797277574603517,197.5853517651558,0.0,16217.794031719424,0.0
758,1474403,2532.461661,2000,0.9797232325333475,211.21551096439362,0.0,16221.413973322035,0.0
759,1476403,2523.899512,2000,0.9701902217857841,215.97281098365784,0.0,23847.822571373268,0.0
760,1478403,2535.860886,2000,0.972208343515861,209.88913625478745,0.0,22233.32518731087,0.0
761,1480403,2508.268185,2000,0.9750346398568517,223.5448658466339,0.0,19972.288114518826,0.0
762,1482403,2519.709426,2000,0.9904066488534119,217.0591726899147,0.0,7674.680917270592,0.0
763,1484403,2538.479451,2000,0.987536593366863,207.82486349344254,0.0,9970.72530650979,0.0
764,1486403,2531.824468,2000,0.9943014178447943,210.7984498143196,0.0,4558.865724165597,0.0
765,1488403,2552.484653,2000,0.9778946840075875,201.30018889904022,0.0,17684.25279393045,0.0
766,1490403,2542.728721,2000,0.9751486509755554,206.3135951757431,0.0,19881.079219556184,0.0
767,1492403,2528.951905,2000,0.979060164988515,213.00720423460007,0.0,16751.868009188107,0.0
768,1494403,2541.211235,2000,0.9843018969469317,206.6176012158394,0.0,12558.482442453811,0.0
769,1496403,2520.727381,2000,0.9898575901833762,216.57132357358932,0.0,8113.92785329869,0.0
770,1498403,2475.822077,2000,0.9815830171780696,239.4440621137619,0.0,14733.586257543313,0.0
771,1500403,2542.270674,2000,0.9783701091030628,206.37360960245132,0.0,17303.912717550233,0.0
772,1502403,2545.923869,2000,0.9845922860485875,204.23807948827744,0.0,12326.171161131017,0.0
773,1504403,2530.438469,2000,0.9778218986309479,212.32710778713226,0.0,17742.4810952415,0.0
774,1506403,2515.005831,2000,0.9812962807262855,219.86590325832367,0.0,14962.97541897034,0.0
775,1508403,2516.233304,2000,0.9860565506656034,219.01658177375793,0.0,11154.759467516229,0.0
776,1510403,2519.925777,2000,0.9762110114910436,217.64961630105972,0.0,19031.190807166324,0.0
777,1512403,2529.195696,2000,0.9791006996328682,212.87506073713303,0.0,16719.44029370377,0.0
778,1514403,2520.528876,2000,0.9819270871476034,217.072494328022,0.0,14458.330281916942,0.0
779,1516403,2527.132648,2000,0.9866870477397091,213.53072673082352,0.0,10650.36180823198,0.0
780,1518403,2544.096358,2000,0.9751870631690498,205.6225687265396,0.0,19850.349464758947,0.0
781,1520403,2538.182713,2000,0.986563184047529,208.01454037427902,0.0,10749.452761976445,0.0
782,1522403,2536.087022,2000,0.9860005916424964,209.0858593583107,0.0,11199.52668600486,0.0
783,1524403,2553.988317,2000,0.9867815941832404,200.09822398424149,0.0,10574.724653407675,0.0
784,1526403,2553.84221,2000,0.9865384815450512,200.18749684095383,0.0,10769.214763958349,0.0
785,1528403,2528.849811,2000,0.9874922324105201,212.64246851205826,0.0,10006.21407158425,0.0
786,1530403,2523.933815,2000,0.9884606500813838,215.03732353448868,0.0,9231.479934892122,0.0
787,1532403,2533.101027,2000,0.9848937769469248,210.63608676195145,0.0,12084.97844245997,0.0
788,1534403,2538.92051,2000,0.9797255552940002,207.9802304506302,0.0,16219.555764799567,0.0
789,1536403,2552.411632,2000,0.9824734637539108,201.09665393829346,0.0,14021.228996872831,0.0
790,1538403,2563.236996,2000,0.9736672628727274,196.12687826156616,0.0,21066.189701817424,0.0
791,1540403,2541.691783,2000,0.9790378938074241,206.63952827453613,0.0,16769.68495406041,0.0
792,1542403,2533.572315,2000,0.9782182577830434,210.7304334640503,0.0,17425.39377356445,0.0
793,1544403,2543.603287,2000,0.9781556845409469,205.7230845093727,0.0,17475.452367243466,0.0
794,1546403,2532.924085,2000,0.9835817909698736,210.79599112272263,0.0,13134.567224102182,0.0
795,1548403,2539.562193,2000,0.9869719937841278,207.30462670326233,0.0,10422.404972697235,0.0
796,1550403,2528.53461,2000,0.9805017697057978,213.14361691474915,0.0,15598.584235362669,0.0
797,1552403,2543.97318,2000,0.9743531206881068,205.722838640213,0.0,20517.503449514912,0.0
798,1554403,2543.12883,2000,0.9749677048788155,206.1217501759529,0.0,20025.83609694769,0.0
799,1556403,2962.606965,2000,1.4512966368008096,12.362220324575901,0.0,155697.83088157861,0.0
800,1557530,3152.800196,1127,1.445779206435154,2.3412590380758047,0.9577302634716034,144131.01434447695,1.0
801,1558618,3163.193508,1088,1.4048961064647654,1.930964703205973,0.9375328570604324,169581.47522694504,1.0
802,1560428,3154.268949,1810,1.4792668910276492,3.0712553998455405,0.803302600979805,117937.59631968985,1.0
803,1562428,2972.575997,2000,1.4982075659517609,7.397955050691962,0.0,102904.25243166581,0.0
804,1564428,2926.730013,2000,1.447212148279556,34.98394601047039,0.0,150933.08408510734,0.0
805,1566428,2533.005513,2000,0.9805289622721383,210.8980268239975,0.0,15576.830182289747,0.0
806,1568428,2943.868643,2000,1.4566072540250172,25.66457726061344,0.0,126306.42533749681,0.0
807,1570428,2893.754024,2000,1.4721572653678294,55.93195930123329,0.0,107063.08713099829,0.0
808,1572428,2553.747279,2000,0.9863477140750051,200.2309486269951,0.0,10921.828739996196,0.0
809,1574428,2529.234764,2000,0.9825497763430548,212.67733722925186,0.0,13960.17892555655,0.0
810,1576428,2891.53914,2000,1.53481925717015,22.749760653823614,0.0,77430.98175202066,0.0
811,1578428,2528.137375,2000,0.9757830394578795,213.57328444719315,0.0435007456690073,19373.568433696815,0.0
812,1580428,2944.130327,2000,1.4257961244146604,24.506944231688976,0.0,151980.62989720493,0.0
813,1582428,2544.462967,2000,0.9764128389708168,205.39270341396332,0.0,18869.728823347745,0.0
814,1584428,2526.109203,2000,0.9729482118071736,214.7267460823059,0.0,21641.430554261657,0.0
815,1586428,2536.750977,2000,0.9601980112472698,210.03960818052292,0.0,31841.591002184137,0.0
816,1588428,2529.90185,2000,0.9857036929159807,212.18660473823547,0.0,11437.045667216018,0.0
817,1590428,2897.091375,2000,1.4715577695247275,54.13933843374252,0.0,126559.83417629995,0.0
818,1592428,2535.881783,2000,0.9794874300664496,209.5252051949501,0.0,16410.055946839544,0.0
819,1594428,2537.148902,2000,0.9825166554102596,208.73276889324188,0.0,13986.675671792183,0.0
820,1596428,2541.060597,2000,0.975175667058201,207.14648813009262,0.0,19859.466353438955,0.0
821,1598428,2966.397412,2000,1.4403705890783156,14.576733112335205,0.0,143749.5612369824,0.0
822,1600428,2865.03949,2000,1.4610329639222885,70.83774916827679,0.0,115305.81352339473,0.0
823,1602428,2905.540699,2000,1.5080674796363633,47.911377623677254,0.0,91294.62605201584,0.0
824,1604428,2921.029608,2000,1.433100390791233,35.149614326655865,0.0,168788.66957482623,0.0
825,1606428,2786.20291,2000,1.511366089168861,107.69405588507652,0.0,100210.92380471104,0.0
826,1608428,2960.906558,2000,1.4307663346631823,16.71620551496744,0.0,172541.41318102583,0.0
827,1610428,2909.989946,2000,1.4647717686223105,47.79499210417271,0.0,96473.95947679062,0.0
828,1612428,2922.912497,2000,1.4334196343975294,40.95779545605183,0.0,162018.38702429496,0.0
829,1613237,1473.261209,809,1.0001931121183636,539.8029237985611,4.303079843521118,0.0,0.0
830,1615237,2871.599615,2000,1.3702309318743737,72.03579694032669,0.0,200602.24296029194,0.0
831,1617237,2946.197135,2000,1.4301750467154375,28.974993154406548,0.0,126018.2777463975,0.0
832,1619237,2932.092452,2000,1.4900402333047849,33.719354309141636,0.0,124340.22765673642,0.0
833,1621237,2846.055495,2000,1.5289985393437484,76.80669240653515,0.0,71097.84715908683,0.0
834,1623237,2888.763769,2000,1.4453867009349397,59.56368148326874,0.0,145977.37687478674,0.0
835,1625237,2918.780308,2000,1.545967048555528,37.57623955607414,0.0,66137.73937163652,0.0
836,1627237,2920.297898,2000,1.5403705765607942,36.66509874165058,0.0,72928.77230214461,0.0
837,1629237,2936.536399,2000,1.5099013261472178,28.208842501044273,0.0,107839.34263375503,0.0
838,1631075,3121.937232,1838,1.5267085748856315,4.1690164944157,0.9554051607847214,99921.55976653978,1.0
839,1633075,2968.186955,2000,1.4946974825273405,11.221392313018441,0.0,72434.11867334285,0.0
840,1635075,2541.009226,2000,0.9604736310529588,207.89804309606552,0.0,31621.095157632517,0.0
841,1637075,2523.943513,2000,0.9664571079437323,216.14015847444534,0.0,26834.313645013295,0.0
842,1638313,3167.621216,1238,1.449105328303528,0.606209272518754,0.9624487906694412,133856.36292927427,1.0
843,1640313,2930.431541,2000,1.52599994227362,31.418435275554657,0.0,78518.228759811,0.0
844,1642313,2953.241605,2000,1.5229300267353463,18.31789780408144,0.0,75684.67205776779,0.0
845,1644313,2936.337746,2000,1.503864704531097,30.524647794663906,0.41242383420467377,70134.36690474881,0.0
846,1646313,2972.53005,2000,1.5136619270949745,8.26204544864595,0.0,90144.28056016963,0.0
847,1648313,2927.657708,2000,1.4275554908344383,24.652901105582714,0.8750506490468979,140714.74665431792,0.0
848,1650313,2529.24714,2000,0.9840765236271145,212.59548515081406,0.0,12738.781098308169,0.0
849,1652313,2548.04865,2000,0.9594654903459495,204.42748814821243,0.007919972413219512,32427.60772324064,0.0
850,1654313,2963.517876,2000,1.4813831783750147,7.872786372900009,0.0,107054.19480085606,0.0
851,1656313,2925.887158,2000,1.5253473143839358,35.15663277357817,1.06616772711277,84105.19009920357,0.0
852,1658313,2945.401514,2000,1.3776102062654918,27.38880179822445,0.08275621570646763,163488.7273359304,0.0
853,1660313,2554.824615,2000,0.9855629926734766,199.7452676296234,0.0,11549.60586121922,0.0
854,1662313,2535.550951,2000,0.9890421503080457,209.2057764530182,0.0,8766.279753564182,0.0
855,1664313,2553.961163,2000,0.9831043881041999,200.30466467142105,0.0,13516.489516638836,0.0
856,1666313,2551.995979,2000,0.9790074120532004,201.47296786308289,0.0,16794.070357440465,0.0
857,1668313,2561.142231,2000,0.9774887026112985,196.99472934007645,0.0,18009.03791096256,0.0
858,1670313,2511.787354,2000,0.9805594003204994,221.51434421539307,0.0,15552.479743600008,0.0
859,1672313,2522.939466,2000,0.9947256255140248,215.22599458694458,0.025855712592601776,4219.499588780052,0.0
860,1674313,2533.271143,2000,0.9844296176315869,210.5676904320717,0.0,12456.305894730787,0.0
861,1676313,2549.096759,2000,0.9805087852131379,202.86250859498978,0.48962727189064026,15592.971829489177,0.0
862,1678313,2527.013104,2000,0.9637007269849915,214.7374302148819,0.0,29039.418412007573,0.0
863,1680313,2548.674277,2000,0.9788203635030068,203.15757393836975,0.31307633966207504,16943.7091975943,0.0
864,1682313,2523.135119,2000,0.9723411385684574,216.2507325410843,0.0,22127.089145233076,0.0
865,1684313,2532.592914,2000,0.969810409356662,211.6524875164032,0.0,24151.67251467047,0.0
866,1686313,2522.141907,2000,0.9793703299953327,216.3953259587288,0.0015499924484174699,16503.736003733586,0.0
867,1688313,2530.244728,2000,0.9843587655715568,212.10191398859024,0.0,12512.987542753144,0.0
868,1690313,2527.83064,2000,0.9813188423032175,213.45513314008713,0.0,14944.926157426691,0.0
869,1692313,2528.827237,2000,0.970906512397765,213.47153931856155,0.0,23274.790081786363,0.0
870,1694313,2535.448765,2000,0.9786343777841378,209.7795233130455,0.0,17092.497772689618,0.0
871,1696313,2465.153601,2000,0.9919072648029358,244.25876140594482,0.0,6474.188157651412,0.0
872,1698313,2902.858291,2000,1.4638861596239736,29.698985628783703,0.0,147721.42318718164,0.0
873,1700313,2971.645084,2000,1.498899976236195,8.440774166956544,0.0,120179.81296097097,0.0
874,1702313,2915.860884,2000,1.5124086906561023,41.33664630353451,0.0,60524.62710312731,0.0
875,1704313,2896.01914,2000,1.539506552901227,51.27817019820213,0.0,103062.36535066424,0.0
876,1706313,2546.574209,2000,0.9862650151231559,203.83505523204803,0.0,10987.987901472823,0.0
877,1708313,2965.265575,2000,1.472925192614992,11.669005500152707,0.0,153357.4688579617,0.0
878,1710313,2953.222058,2000,1.4795603102131398,20.444488618522882,0.0,108379.44802661143,0.0
879,1711680,3161.368673,1367,1.4085067768273185,3.139882581308484,0.7774396985769272,182761.1204979356,1.0
880,1712748,3154.161612,1068,1.4871107738121196,1.6215310315601528,0.7817749679088593,115696.4267038261,1.0
881,1714748,2946.158332,2000,1.4473298677006923,13.727063778787851,0.0,145968.57269331045,0.0
882,1716748,2951.949993,2000,1.468666916651681,18.039860296994448,0.0,154057.18876883903,0.0
883,1718748,2523.649214,2000,0.9786667572004601,215.67488461732864,0.0,17066.594239632617,0.0
884,1720748,2959.046632,2000,1.5382998497270892,6.999646313488483,0.0,109070.36734840233,0.0
885,1722748,2911.193972,2000,1.533159524817791,42.96514671295881,0.0,118051.8654059091,0.0
886,1724748,2885.73637,2000,1.4893289240705847,58.90956334769726,0.0,135527.77465991295,0.0
887,1726748,2963.092039,2000,1.4890997157851915,6.900325650349259,0.0,133598.8431309696,0.0
888,1727841,3158.934423,1093,1.4922292944264983,1.9029818940907717,0.7257774472236633,146739.30756758197,1.0
889,1729841,2887.391705,2000,1.5118860013674165,56.943051517009735,0.0,106065.21274204143,0.0
890,1731841,2901.713783,2000,1.4664257336113264,38.83657045662403,0.0,148328.87979904533,0.0
891,1732867,3163.119551,1026,1.440604568402937,2.036517485976219,0.7359054684638977,168865.9095079004,1.0
892,1733946,3156.416408,1079,1.446031969633991,1.803829742129892,0.7787135243415833,166069.3349937828,1.0
893,1735946,2956.20223,2000,1.4715010987201604,19.691839814186096,0.0,151578.30776105574,0.0
894,1737946,2920.435891,2000,1.542756403275413,36.677747033536434,0.012992965057492256,92545.91969447775,0.0
895,1739946,2911.417035,2000,1.5812855514534692,40.22129159420729,0.0,106240.79331708547,0.0
896,1741946,2966.541319,2000,1.4330888350483557,13.847951777279377,0.0,132609.49622865915,0.0
897,1743946,2879.580429,2000,1.558136413193757,58.713192120194435,0.42023640125989914,85544.78103244209,0.0
898,1745032,3149.758431,1086,1.4572257978779104,2.765285025816411,0.8590713888406754,176979.80645510196,1.0
899,1746005,3156.220424,973,1.485980014823476,3.1326786847785115,0.9659796953201294,167443.62268404177,1.0
900,1748005,2930.431163,2000,1.503247418702149,26.29277855157852,0.0,140188.34679247293,0.0
901,1749143,3133.334261,1138,1.6531621523316766,4.807069664821029,0.9727323055267334,82170.5246055207,1.0
902,1750781,3139.929517,1638,1.568127405826009,4.985586390830576,0.30901508405804634,167604.12603795496,1.0
903,1752781,2963.103525,2000,1.501108940067186,10.27101301588118,0.0,164813.53884363265,0.0
904,1754781,2963.315355,2000,1.6591748619968585,5.2317960653454065,0.0,72757.7094969508,0.0
905,1756781,2928.925254,2000,1.6561298496907675,24.664836935698986,0.0,25687.718628175073,0.0
906,1758781,2900.421903,2000,1.7027649283695323,39.626168087124825,0.0,28708.533258311687,0.0
907,1760781,2809.968097,2000,1.6335287654344135,89.54471535980701,0.0,57636.384243479624,0.0
908,1762781,2854.912679,2000,1.6231222816991093,67.62824580073357,0.0,64117.7568268569,0.0
909,1764781,2816.095401,2000,1.648607400679075,85.71832068264484,0.0,77789.55429551666,0.0
910,1766781,2942.409185,2000,1.5904767528594088,15.64342388883233,0.0,119272.27578203093,0.0
911,1768781,2888.793547,2000,1.6416099950327143,49.68693293631077,0.0,86654.02034423193,0.0
912,1770781,2963.780054,2000,1.538104927295319,12.377260252833366,0.0,79878.536236216,0.0
913,1772781,2899.531663,2000,1.6109495396251001,45.258558355271816,0.0,51383.55056153775,0.0
914,1774781,2889.730729,2000,1.5076145521803246,43.090805411338806,0.0,154739.00937985862,0.0
915,1776781,2896.535803,2000,1.6364199215938642,45.474241487681866,0.0,48712.043631723565,0.0
916,1778781,2916.441101,2000,1.6497318429079948,32.55404904484749,0.0,65133.22631066739,0.0
917,1780781,2946.934897,2000,1.6289770041187914,13.756006490439177,0.0,112348.32965046793,0.0
918,1782781,2912.571152,2000,1.7338208976875993,30.340690165758133,0.0,48109.52492625666,0.0
919,1784781,2893.090118,2000,1.6735313386369426,33.623747527599335,0.0,105966.74172144206,0.0
920,1786781,2899.178182,2000,1.6330558447334087,33.10808725655079,0.0,118142.26630714849,0.0
921,1788781,2926.624992,2000,1.5123538316858083,27.015672996640205,0.0,102249.47057446872,0.0
922,1790781,2934.666012,2000,1.5081383985367074,19.289761316031218,0.0051429931772872806,157834.32326950997,0.0
923,1792781,2913.421459,2000,1.5520092075696104,31.079493463039398,0.0,119898.69820705001,0.0
924,1794781,2915.254639,2000,1.5331590580042684,30.679145827889442,0.0,145368.2370604217,0.0
925,1796781,2834.066522,2000,1.5912162202062716,67.73737259209156,0.0,109273.8951315068,0.0
926,1798781,2903.457637,2000,1.4648236339181249,40.47330468893051,0.0,156339.896122917,0.0
927,1800781,2958.431692,2000,1.6384402942542302,10.200115386396646,0.0,133798.87854034058,0.0
928,1802781,2788.93615,2000,1.6222429019926121,93.82738173007965,0.0,151324.11925875137,0.0
929,1804781,2915.650162,2000,1.5360927334171441,32.49721694737673,0.0,124575.92662756915,0.0
930,1806781,2842.34678,2000,1.7368166386882458,68.1901853531599,0.0,29199.145400282763,0.0
931,1808781,2582.854346,2000,1.2573855262214946,218.2188257575035,0.0,407388.8615526899,0.0
932,1810781,2956.104231,2000,1.5809762436937858,12.972316704690456,0.0,116602.84673715624,0.0
933,1812781,2950.709715,2000,1.5570597661184578,16.251984983682632,0.0,112159.79782877816,0.0
934,1814781,2940.7904,2000,1.534180573914464,20.481972489506006,0.0,139062.31766977254,0.0
935,1816781,2916.886436,2000,1.5674687684105224,34.843213856220245,0.0,135745.17225564062,0.0
936,1818781,2963.292281,2000,1.493949360895995,13.523918576538563,0.0,122050.28179352931,0.0
937,1820781,2904.700415,2000,1.5717987667832294,42.02824551612139,0.0,102106.81230632373,0.0
938,1822781,2899.00645,2000,1.5374563442905553,49.65328238904476,0.0,111203.48021171764,0.0
939,1824781,2966.736832,2000,1.5940207017209038,8.169902488589287,0.0,79314.82188938235,0.0
940,1826781,2882.023312,2000,1.5663568808429473,56.88004195690155,0.0,97530.80451174076,0.0
941,1828781,2942.52366,2000,1.5695932130528594,18.385816365480423,0.0,114494.97912935249,0.0
942,1830781,2917.223039,2000,1.6098977756230468,32.62546565383673,0.0,105085.20618776891,0.0
943,1832781,2950.791016,2000,1.6297389021259145,14.608521480113268,0.0,79820.04738503047,0.0
944,1834781,2500.288729,2000,0.9844794386326448,227.0653322339058,0.0,12416.449093885436,0.0
945,1836781,2884.411773,2000,1.556039077625619,56.25807121396065,0.0,87718.40529726108,0.0
946,1838781,2886.468916,2000,1.6083386961403954,52.59104445576668,0.0,63915.047435987384,0.0
947,1840781,2890.426041,2000,1.6623286324801516,47.54059016704559,0.0,52072.88476585201,0.0
948,1842509,3148.545489,1728,1.5234118576018958,4.997812444344163,0.0994898471981287,68861.8907800985,1.0
949,1844509,2968.799219,2000,1.5190622980758883,10.000277543440461,0.0,86158.06438375564,0.0
950,1846509,2963.276104,2000,1.5247521707553786,10.777636896818876,0.0,115816.8798978524,0.0
951,1848509,2885.302209,2000,1.525542122885744,57.33178183436394,0.0,84068.69512687868,0.0
952,1850509,2889.892758,2000,1.5310907381501913,54.82817441225052,0.0,116488.34655527264,0.0
953,1852076,3145.439436,1567,1.5214029915915281,4.9988130340352654,0.12147174216806889,122096.18010710191,1.0
954,1854076,2944.925821,2000,1.5365064207607166,19.909692462533712,0.0,142685.1467884108,0.0
955,1856076,2520.082973,2000,1.3536387123699873,237.49986290931702,7.696031332015991,303841.2697253116,0.0
956,1858076,2962.036606,2000,1.576372297455824,9.329355088993907,0.6957828253507614,136192.99918941685,0.0
957,1859692,3134.250834,1616,1.6252230425194525,4.971972433850169,0.35829655826091766,106649.4498072403,1.0
958,1861692,2958.078801,2000,1.5972086218110346,10.481079574674368,0.0,130008.13364132894,0.0
959,1862860,3156.781717,1168,1.4443731804081053,4.083891282789409,0.9940086305141449,156915.82979849525,1.0
960,1864226,3150.589374,1366,1.5226941043387234,3.528504283167422,0.9148799628019333,143193.69977917126,1.0
961,1866120,3148.899989,1894,1.55688810384303,2.0434687030501664,0.9992916136980057,125999.71443173318,1.0
962,1868120,2960.536141,2000,1.5953853936082392,9.264000691473484,0.04992062225937843,122001.31046217328,0.0
963,1870120,2966.728108,2000,1.5992486588707382,5.453282967209816,0.0,122090.71317325467,0.0
964,1872120,2973.459184,2000,1.5454130021487982,5.35703357309103,0.01582146855071187,161795.85427310874,0.0
965,1874101,3136.612114,1981,1.6059525657431686,4.519493551924825,0.9223318845033646,127423.1599173373,1.0
966,1875397,3139.195665,1296,1.578166769559473,4.933629068545997,0.8004866540431976,143306.0526491838,1.0
967,1877397,2931.174849,2000,1.5601047534724817,28.37047353386879,0.0,116691.82411718028,0.0
968,1878385,3155.550168,988,1.547546896910701,0.1554849040985573,0.9887416660785675,132515.89628888023,1.0
969,1878726,615.415187,341,1.0016651054275738,968.7262773513794,20.0,0.0,0.0
970,1880726,2969.740726,2000,1.5400332707062276,6.765527883544564,0.0,105331.21858847246,0.0
971,1882726,2929.155446,2000,1.6182346478356104,26.728995144367218,0.0,132656.9092206331,0.0
972,1884726,2912.444296,2000,1.5221617427829677,30.885164625942707,0.0,144568.20893882017,0.0
973,1886726,2963.69797,2000,1.505114807254559,5.614539608359337,0.17024435102939606,169848.47092159616,0.0
974,1887764,3131.490765,1038,1.5863031762656497,4.995691473595798,0.20810279995203018,152788.57453162997,1.0
975,1889764,2892.914893,2000,1.5495731048980756,35.911716520786285,0.24862637743353844,173408.0985289798,0.0
976,1891764,2955.92177,2000,1.5874311316861593,10.661051608622074,0.0,141792.36169953123,0.0
977,1893764,2959.922065,2000,1.6267170944906864,8.588421391323209,0.0,129131.11416068225,0.0
978,1895764,2771.613026,2000,1.7309163596925066,104.09972816705704,0.0,33936.8136478261,0.0
979,1897764,2956.896997,2000,1.6069628621132246,10.83040377125144,0.0,94917.98629341321,0.0
980,1898850,3141.735642,1086,1.5211621924597438,4.943468025885522,0.726248025894165,164286.09994043558,1.0
981,1900099,3141.565332,1249,1.5518352366926538,3.7342932773754,0.9305665642023087,161383.81962850151,1.0
982,1902099,2968.942469,2000,1.5281853648296426,8.62564193084836,0.0,164647.56347143272,0.0
983,1903355,3143.317842,1256,1.591626638171749,1.1817583290394396,0.9489136934280396,148718.8279090305,1.0
984,1904476,3144.858022,1121,1.5599086796418222,3.6457842215895653,0.9156657010316849,146667.95022674705,1.0
985,1906476,2897.966647,2000,1.5459422488396335,37.05344628542662,6.299945116043091,117414.64000520515,0.0
986,1908476,2953.792237,2000,1.55146356673925,14.039868023246527,0.0,137277.70073670553,0.0
987,1909902,3143.162067,1426,1.5321902330868424,4.944074316881597,0.9310498088598251,148759.24901519844,1.0
988,1910976,3152.119212,1074,1.4849243317362684,3.956584492698312,0.9059086441993713,156825.6340516486,1.0
989,1912976,2929.272904,2000,1.4796772970016563,27.817944064736366,0.1430126279592514,158131.62856507514,0.0
990,1914976,2455.117435,2000,0.9318437647639429,252.28596478700638,0.08747730404138565,54524.98818884569,0.0
991,1916976,2515.666806,2000,0.9920241536213426,219.00712698698044,0.0,6380.677102926209,0.0
992,1918976,2736.787745,2000,1.5885216491444327,128.6308765411377,0.0,52052.50242803053,0.0
993,1920976,2871.752302,2000,1.6163767155840538,59.765858575701714,0.0,36973.65124362854,0.0
994,1922976,2853.294726,2000,1.6878931648266027,65.23749232292175,0.0,30120.384156382268,0.0
995,1924976,2767.532981,2000,1.6080219927289063,112.10526153445244,0.0,43684.30405472232,0.0
996,1926976,2623.975208,2000,1.6124289332064177,183.6557574570179,4.48715478181839,89407.92621385411,0.0
997,1928976,1045.269249,2000,1.5343070811146131,977.0291447639465,0.0,197839.76593813582,0.0
998,1930976,2860.594318,2000,1.69967628267851,61.126984655857086,0.0,60013.81985549816,0.0
999,1932976,2971.490562,2000,1.450849386106163,8.43734946101904,0.0,116654.28539467328,0.0
1000,1934976,2908.168926,2000,1.596884436906116,37.681689485907555,0.0,106381.02858833992,0.0
1001,1936976,2897.826277,2000,1.5367813774539423,41.492837481200695,1.0063541680574417,110511.88201049098,0.0
1002,1938976,2567.853872,2000,0.9728324570834571,193.8612386584282,0.0,21734.034333233903,0.0
1003,1940135,3135.205663,1159,1.581667519508233,3.4193649189546704,0.9686903655529022,164201.39425084097,1.0
1004,1942135,2880.844258,2000,1.7155524582655608,50.06283335387707,0.0,48360.544545562145,0.0
1005,1944135,2873.160446,2000,1.6782113377638048,55.73563277721405,0.0,70028.12053878632,0.0
1006,1946135,2948.695754,2000,1.6465642907495919,12.396130710840225,0.0,113817.48258228772,0.0
1007,1947118,3135.396994,983,1.6490576513185544,3.8741942262277007,0.8583669364452362,106198.96914920326,1.0
1008,1948132,3136.74005,1014,1.6647789069183385,3.690571873448789,0.8433788269758224,91865.31106163206,1.0
1009,1950132,2935.033286,2000,1.6654437686335248,20.62434470281005,0.0,90829.00644854155,0.0
1010,1951107,3136.478062,975,1.638719905597624,3.9807568537071347,0.8902450650930405,128716.54177077295,1.0
1011,1952503,3138.422383,1396,1.632851336847244,1.0643506539054215,0.9063514322042465,140172.8020805158,1.0
1012,1954503,2878.910178,2000,1.5318756631472241,47.792717814445496,0.0,137565.01086570532,0.0
1013,1956226,3136.370192,1723,1.576157641094815,4.997776472009718,0.40051836520433426,133755.0549787798,1.0
1014,1958096,3136.873101,1870,1.5617988772585336,2.499166934285313,0.9560838341712952,130568.21908478376,1.0
1015,1960096,2961.812746,2000,1.6705319039355242,5.630686995573342,0.0,98420.14376655233,0.0
1016,1961105,3148.424761,1009,1.5600751416467613,3.1367100309580564,0.8313552290201187,114601.90243250263,1.0
1017,1963105,2833.327766,2000,1.701696326876937,74.44696314632893,0.0,31819.708073703285,0.0
1018,1964748,3135.763012,1643,1.5828390324423822,4.991404130123556,0.24030964821577072,145077.93567067457,1.0
1019,1966525,3144.148956,1777,1.5973850502870903,1.1612581147346646,0.8500947803258896,123137.7753630013,1.0
1020,1968525,2516.6358,2000,0.9801776466054548,219.11412477493286,0.0,15857.882715635675,0.0
1021,1969920,3136.433769,1395,1.5227406633816776,4.98401653021574,0.27766479179263115,156015.58579451306,1.0
1022,1971456,3130.344382,1536,1.561193832905633,4.958550911396742,0.7495957612991333,147765.2399145632,1.0
1023,1973456,2902.085073,2000,1.5494559308268576,34.58228800445795,0.0,162262.38473399167,0.0
1024,1974425,3136.859699,969,1.6398589369843555,4.904408357106149,0.7916132360696793,132146.87969525732,1.0
1025,1976425,2933.548799,2000,1.6966897748753635,5.289158667437732,0.0,117906.45074595162,0.0
1026,1978425,2944.213989,2000,1.6684662698808628,14.502509962767363,0.0,122128.65430078065,0.0
1027,1980425,2944.715043,2000,1.6506290871986813,14.70585074275732,0.0,122286.03759006498,0.0
1028,1982425,2929.793142,2000,1.5906305418184135,22.42385409772396,0.0,167902.38771148823,0.0
1029,1983385,3144.622585,960,1.6182372138896046,2.1590031101368368,0.7536546885967255,150095.2953570113,1.0
1030,1985385,2957.754855,2000,1.6685421390126511,8.638308383524418,0.0,106125.60856927226,0.0
1031,1986599,3142.012388,1214,1.59479739012465,0.6369242328219116,0.8705709874629974,146695.25970352624,1.0
1032,1988129,3145.211737,1530,1.6300820961559077,0.8863388502504677,0.7520517706871033,150995.22694708782,1.0
1033,1989354,3150.108138,1225,1.5196934929360892,0.668117354507558,0.9994547069072723,158036.6025217396,1.0
1034,1991354,2942.709207,2000,1.5743820757870428,16.76606945693493,0.0,177054.745484364,0.0
1035,1992790,3141.50216,1436,1.642395668865701,1.493337331339717,0.9509915113449097,145829.6421074156,1.0
1036,1994048,3163.662965,1258,1.4916763120637717,1.507295819465071,0.9918752312660217,126971.35753423428,1.0
1037,1995222,3147.194843,1174,1.5341660186711295,2.184024313464761,0.9991840273141861,176545.2926502363,1.0
1038,1996814,3146.891235,1592,1.5583982056151926,1.8534677219577134,0.7795918732881546,157450.89507152166,1.0
1039,1998357,3149.931545,1543,1.5565994994403765,1.1464721756055951,0.8818992972373962,152924.687185992,1.0
1040,1999738,3160.667008,1381,1.4911680526604296,0.6474542169598863,0.8367890119552612,155468.05218716193,1.0
1041,2000938,3156.315951,1200,1.4816077217720731,0.8388420101255178,0.8536994457244873,160054.63328572048,1.0
1042,2001933,3151.106605,995,1.5440150722587522,2.857139508705586,0.9380993992090225,148490.8138987449,1.0
1043,2003095,3154.155227,1162,1.541724012315509,1.4777061296626925,0.8882476389408112,157573.85576993122,1.0
1044,2004254,3151.041106,1159,1.5474183845865042,1.5724789118394256,0.7831830531358719,160446.16109842877,1.0
1045,2005657,3147.355452,1403,1.576783319313941,0.7806560606695712,0.7766314595937729,153988.43462597486,1.0
1046,2007532,3142.052736,1875,1.5917621163600657,1.8852938083000481,0.9373356401920319,137565.98904157782,1.0
1047,2009316,3147.699478,1784,1.5864311850252106,1.939728856086731,0.9325059503316879,151263.49826069997,1.0
1048,2010320,3141.315879,1004,1.6488127337715195,2.066925459075719,0.8504475653171539,128300.08832845495,1.0
1049,2011481,3146.451392,1161,1.6168670722470764,1.3955095200799406,0.96846804022789,147288.98465736816,1.0
1050,2012787,3148.737223,1306,1.6260324214434176,1.1651039239950478,0.8217479288578033,138740.75041850618,1.0
1051,2013876,3147.418719,1089,1.5922951672282526,1.1932097550015897,0.835302397608757,153579.13378991454,1.0
1052,2015395,3132.240497,1519,1.6331979342225582,4.954735399223864,0.6903140246868134,135257.60824979484,1.0
1053,2016372,3154.611414,977,1.5034490845865947,4.137957002967596,0.8552577346563339,155762.16039719977,1.0
1054,2017510,3151.986563,1138,1.5610920984935863,0.6198721239343286,0.97685307264328,145561.74565445242,1.0
1055,2018593,3152.418778,1083,1.5643702071352157,0.4142877442063764,0.880192220211029,146817.17872047107,1.0
1056,2019682,3141.111837,1089,1.6303816049531856,1.0281348077114671,0.8270108699798584,133907.81128359906,1.0
1057,2020777,3148.712338,1095,1.5827747515137776,1.5753236948512495,0.9039726853370667,144851.23000921498,1.0
1058,2021890,3139.814939,1113,1.5667142435684331,4.96550474781543,0.9703031927347183,138475.5717295434,1.0
1059,2023004,3148.908612,1114,1.5713032161486309,0.7673192303627729,0.9122057259082794,140087.8650061011,1.0
1060,2025004,2476.033289,2000,0.9978591783340289,238.52046579122543,0.0,1712.6573327775236,0.0
1061,2026134,3142.336157,1130,1.5607678805593441,4.938643891364336,0.7158002257347107,139351.5677974589,1.0
1062,2027247,3144.556596,1113,1.564059007175054,2.1520843729376793,0.9637157618999481,135754.26131761097,1.0
1063,2029247,2944.045276,2000,1.5425806514670108,18.805009312927723,0.0,151742.15695430044,0.0
1064,2030250,3143.914769,1003,1.5791853007489645,4.43747139070183,0.9247743338346481,130354.64163350026,1.0
1065,2032136,3153.237302,1886,1.5490705922277948,1.2148568930570036,0.9770446270704269,135051.28675104462,1.0
1066,2033214,3149.52934,1078,1.5342874334735392,2.7277464978396893,0.9867393970489502,143381.4806766125,1.0
1067,2034672,3154.182047,1458,1.5441810575323154,0.7127687567844987,0.9805969148874283,118538.84350145706,1.0
1068,2036238,3154.752898,1566,1.5410177322843093,0.6751475011697039,0.8685190230607986,132215.90077793508,1.0
1069,2037684,3146.260721,1446,1.5541367356129183,4.976302734576166,0.6611392647027969,133974.8764644632,1.0
1070,2038676,3152.216794,992,1.5490995901632074,2.739428076893091,0.9842988848686218,116491.10975505592,1.0
1071,2039797,3145.129718,1121,1.5222908697482949,4.9994311993941665,0.7523524761199951,134207.91360790576,1.0
1072,2041784,3136.130411,1987,1.5648399816008258,4.963329993188381,0.9218977391719818,99918.17459795164,1.0
1073,2043784,2959.835368,2000,1.4913864237053556,17.446274869143963,0.0,127491.03089097101,0.0
1074,2044966,3145.141072,1182,1.5273606423860377,4.919555154629052,0.8848661184310913,139505.7333875515,1.0
1075,2046065,3157.739204,1099,1.5441174830396234,0.5150794313522056,0.7906483113765717,133179.8215852048,1.0
1076,2047180,3149.157613,1115,1.5555703497193574,3.4010186791419983,0.9804756194353104,119785.47686328767,1.0
1077,2049180,2554.170953,2000,0.9802572128228398,200.3300115466118,0.0,15794.22974172568,0.0
1078,2050160,3149.255317,980,1.5518447100295214,4.662798950448632,0.9389839321374893,125268.39594034512,1.0
1079,2052160,2973.223632,2000,1.5597850668854196,5.650550359860063,0.0,122706.03607723146,0.0
1080,2053139,3151.107635,979,1.5805164597379264,1.5356200165115297,0.9608060121536255,129457.23460370219,1.0
1081,2054249,3157.37602,1110,1.5138178495488324,0.40426124178338796,0.8587700873613358,137714.86000975518,1.0
1082,2055435,3149.159155,1186,1.5566584277277513,0.6757379014743492,0.8776195347309113,142992.75272762336,1.0
1083,2056389,3143.684398,954,1.6067243630088768,3.320918418467045,0.8161774277687073,132674.57488177952,1.0
1084,2058337,2125.970032,1948,1.0000161420078566,213.44663947820663,1.5689674019813538,0.0,0.0
1085,2059796,3144.746214,1459,1.568049725054402,2.5256347144022584,0.802125483751297,142278.8974424581,1.0
1086,2061077,3144.985978,1281,1.5773062195573975,2.2899413597770035,0.9291037172079086,140485.21986181475,1.0
1087,2062050,3145.834241,973,1.5995185593785166,3.8701160810887814,0.9551611542701721,139862.86638214038,1.0
1088,2064050,2967.152603,2000,1.5946767768916463,5.852304166182876,0.0,130393.73686343463,0.0
1089,2066050,2954.193674,2000,1.581688748954323,12.057630345225334,0.0,142744.5230246082,0.0
1090,2067141,3155.53921,1091,1.5335706609530169,0.6965533539187163,0.9461361914873123,134231.07427411547,1.0
1091,2068125,3152.256729,984,1.5163411874210235,3.957466338761151,0.8411631733179092,122341.92947078527,1.0
1092,2069118,3148.688201,993,1.5671071470466598,3.428017836995423,0.9374888241291046,124018.03989952647,1.0
1093,2070304,3136.044787,1186,1.6350273754997877,2.3645582841709256,0.8238689601421356,143183.44576537824,1.0
1094,2072304,2962.757022,2000,1.51854941114105,9.90399532020092,0.0,143123.63812104074,0.0
1095,2073386,3147.612515,1082,1.6383253465641525,1.2157380406279117,0.9728451073169708,115308.43916152274,1.0
1096,2074866,3128.558401,1480,1.6542503882914847,4.714037524536252,0.9851698577404022,130182.91680449307,1.0
1097,2076866,2953.292442,2000,1.648084592108583,7.137601263821125,0.0,122168.91932854222,0.0
1098,2078866,2886.590478,2000,1.6628187636038678,49.85764995217323,0.0,126339.80123088595,0.0
1099,2080168,3146.268935,1302,1.5523289825026607,4.779238253831863,0.958118811249733,133492.14817998683,1.0
1100,2081526,3147.538777,1358,1.5259209801528781,4.6992015559226274,0.9113261103630066,144809.27996463573,1.0
1101,2082534,3159.535585,1008,1.494712619701308,2.26190232206136,0.8793071657419205,126118.91052045941,1.0
1102,2083507,3149.006553,973,1.5804301122464788,2.5253324420191348,0.9918536245822906,124762.96232479723,1.0
1103,2085507,2960.417017,2000,1.616435414680593,9.688367368653417,0.0,125898.38815095121,0.0
1104,2086522,3147.81144,1015,1.5554319034039639,4.963474930264056,0.7516875118017197,134957.427978617,1.0
1105,2088522,2963.010827,2000,1.5714780761810512,9.889520471915603,0.0,127507.05549812436,0.0
1106,2089601,3162.450183,1079,1.499918956341568,1.1489946919027716,0.91600202023983,135823.9551943271,1.0
1107,2090746,3157.234993,1145,1.4865373696494115,2.554511942435056,0.7962295413017273,126077.67717697604,1.0
1108,2092746,2969.062527,2000,1.6233673706774172,5.260408041067421,0.0,123578.2901818063,0.0
1109,2094746,2927.638912,2000,1.6096901025456618,29.059208929538727,0.0,110284.05300198564,0.0
1110,2095706,3150.415814,960,1.5499934848592332,3.752989461645484,0.8846317231655121,145771.6221991544,1.0
1111,2096890,3144.156286,1184,1.5968403660966295,3.669719793833792,0.8788137137889862,126557.42047843417,1.0
1112,2097903,3151.146371,1013,1.5305009598430537,4.980782861821353,0.45556191354990005,131431.5458720336,1.0
1113,2098999,3145.9932,1096,1.5447257177918412,4.018625244498253,0.986257791519165,145925.23994381228,1.0
1114,2100109,3145.832877,1110,1.5687691651498088,2.3811476421542466,0.8222384005784988,128488.3917240154,1.0
1115,2101213,3135.229326,1104,1.6267560125836609,4.807444056496024,0.8261767029762268,114064.83865982464,1.0
1116,2102317,3142.582163,1104,1.6020143140010232,3.5238973796367645,0.9988753497600555,117263.59262566874,1.0
1117,2103393,3146.127775,1076,1.6494454919038026,0.9464383183512837,0.7697288691997528,116558.2017875336,1.0
1118,2104287,2108.16802,894,1.0001185601153884,222.3508134484291,1.1330728977918625,0.0,0.0
1119,2105418,3151.572466,1131,1.51644117325623,3.985960967838764,0.9850919991731644,150494.87325633262,1.0
1120,2106560,3148.894555,1142,1.55220492706671,3.539348370395601,0.8766589313745499,126354.36972969433,1.0
1121,2108560,2973.042276,2000,1.5881266424479001,5.271090078167617,0.0,137070.48870332478,0.0
1122,2110560,2935.430814,2000,1.650631020856938,22.582311183214188,0.0,97406.36744333358,0.0
1123,2112560,2964.73554,2000,1.6124489834936735,5.806205444969237,0.0,143088.19770580294,0.0
1124,2114560,2939.292996,2000,1.6402771425716232,20.662114955484867,0.0,81642.04169142203,0.0
1125,2116560,2949.250248,2000,1.579656954823336,14.485788065940142,0.08182642981410027,127912.90460645706,0.0
1126,2117540,3146.855703,980,1.5742780234126883,3.3153395634144545,0.8329396694898605,103917.53979874286,1.0
1127,2119540,2959.917906,2000,1.5829259308054793,8.746087783947587,0.0,107989.97399319283,0.0
1128,2121540,2953.487168,2000,1.626443107393769,13.30668618902564,0.0,94971.95596289379,0.0
1129,2123540,2934.742062,2000,1.6640045753817574,17.885893117636442,0.0,116507.97950666668,0.0
1130,2125540,2450.648757,2000,0.9709445530764127,252.56402045488358,0.0,23244.357538868844,0.0
1131,2127540,2856.853111,2000,1.5565824268866124,69.9508935213089,0.05748738534748554,134348.79619437663,0.0
1132,2129540,2958.312835,2000,1.6826169433221743,7.114728447049856,0.0,104816.0092788783,0.0
1133,2131540,2957.84595,2000,1.6381019337915061,9.675604524090886,0.0,138516.71671391116,0.0
1134,2133540,2899.688955,2000,1.6602144581607519,42.28274803608656,0.0,104590.02014669459,0.0
1135,2134632,3132.1274,1092,1.670740046863506,4.789752303622663,0.7402093708515167,93977.42647112213,1.0
1136,2136632,2962.670731,2000,1.6491083818507897,5.9713174123317,0.0,119005.44663899652,0.0
1137,2138632,2925.364006,2000,1.7440045190013251,22.053143475204706,0.0,30346.42844428143,0.0
1138,2140632,2829.517457,2000,1.6590946632932153,78.54057848453522,0.0,99081.99582950554,0.0
1139,2142632,2876.883373,2000,1.6575019708542744,54.89783361554146,0.0,68813.41368447311,0.0
1140,2144632,2864.062796,2000,1.6719470539054915,60.592448338866234,0.0,70242.85772817294,0.0
1141,2146632,2937.683876,2000,1.624306698702741,22.4714451469481,0.0,106200.84987709226,0.0
1142,2148632,2952.244517,2000,1.6223782927832922,10.215869173407555,0.0,103779.78184059718,0.0
1143,2150632,2937.364474,2000,1.5897526918356124,18.823888152837753,0.0,133275.09831855792,0.0
1144,2152632,2948.515558,2000,1.5951621159093363,17.730218823999166,0.0,113305.38650591036,0.0
1145,2153657,3138.240326,1025,1.6845180058855802,1.7919871606864035,0.948156863451004,97689.85087273674,1.0
1146,2155657,2491.655089,2000,0.9855025638373998,231.3288152217865,0.0,11597.948930081535,0.0
1147,2156664,3152.802229,1007,1.5864327858033622,0.7810067909304053,0.953453779220581,105671.54948184465,1.0
1148,2157730,3157.911112,1066,1.5491884375103306,1.6013599815778434,0.8410432934761047,119347.29865479325,1.0
1149,2158747,3146.886695,1017,1.5767107982176618,4.493446438573301,0.9753472357988358,120625.40390159376,1.0
1150,2160747,2882.054557,2000,1.5398983884406712,47.6166307926178,0.7769650220870972,116620.17860082503,0.0
1151,2162196,3145.880363,1449,1.6335158226028859,1.597179681994021,0.967780351638794,93643.69200828893,1.0
1152,2163203,3141.372363,1007,1.6644897179518972,1.911554136313498,0.8459959179162979,110195.73728316,1.0
1153,2165203,2909.42153,2000,1.6980549712331188,34.65610463172197,0.0,69189.2015812608,0.0
1154,2166226,3152.755723,1023,1.5764255749088425,2.3800443741492927,0.9147034585475922,106602.56732752822,1.0
1155,2167301,3136.99769,1075,1.6199525130008932,4.97998867649585,0.4139002040028572,86925.7821865679,1.0
1156,2168412,3129.321304,1111,1.6287677637139206,4.851125995628536,0.9122740477323532,110356.08838136547,1.0
1157,2170412,2937.096385,2000,1.7529575319068311,10.849475394934416,0.0,104310.67431653995,0.0
1158,2172412,2943.813192,2000,1.7022426425633335,10.582105955109,0.0,102948.24778301535,0.0
1159,2174412,2945.661477,2000,1.6504329888221805,12.143997475504875,0.0,78094.51756116257,0.0
1160,2176412,2850.620796,2000,1.720951926461755,64.95201587677002,0.0,29985.616102728225,0.0
1161,2178412,2944.611213,2000,1.6404267753520736,17.88488309830427,0.0,107885.61366461687,0.0
1162,2179466,3143.597791,1054,1.547422426204079,1.6057498287409544,0.9722042083740234,184352.94669067746,1.0
1163,2180541,3138.044423,1075,1.6516173384729926,1.007179613225162,0.7892220467329025,120220.46621580674,1.0
1164,2181644,3142.010588,1103,1.646945650704879,0.34567992406664416,0.8599715679883957,125088.54622737454,1.0
1165,2183644,2461.437581,2000,0.9575105393966938,247.8451430797577,0.0,33991.5684826447,0.0
1166,2184698,3152.37177,1054,1.629166335520384,0.6472244131145999,0.851733461022377,115922.0339573103,1.0
1167,2185772,3142.205407,1074,1.5873579858477074,0.9153815335594118,0.9725344181060791,167872.52325642158,1.0
1168,2187772,2965.410713,2000,1.5869774123714517,6.707726279273629,0.0,150786.30842176345,0.0
1169,2189772,2936.230154,2000,1.6363330894864598,22.854892071336508,0.0,110934.65379762767,0.0
1170,2191772,2878.818336,2000,1.7273623280709527,50.47037824988365,0.0,68284.95432891144,0.0
1171,2192751,3140.129702,979,1.630559225020606,4.42530435975641,0.928700789809227,129460.12481047533,1.0
1172,2194231,3134.514622,1480,1.6386501284427808,4.996248870156705,0.3908400982618332,128199.1104534255,1.0
1173,2196231,2879.480985,2000,1.6844184696162405,52.24203318357468,0.0,85213.6158230595,0.0
1174,2198231,2975.24007,2000,1.4301668859783514,12.314759194850922,0.0,99840.94659725965,0.0
1175,2200231,2922.946925,2000,1.66672821688136,28.839195147156715,0.0,64585.07958854905,0.0
1176,2201204,3139.423456,973,1.6290164321923923,4.763936391100287,0.9144419431686401,116418.50418637713,1.0
1177,2203204,2494.489534,2000,0.9654355496223552,230.92518746852875,0.0,27651.560302114573,0.0
1178,2204277,3142.11301,1073,1.6109624446227713,3.740381682291627,0.9041257947683334,89488.7653003117,1.0
1179,2206277,2939.005037,2000,1.5358705029500634,19.197895657271147,0.09744160808622837,115008.40163587709,0.0
1180,2208277,2940.706604,2000,1.5719030572756598,18.364249728620052,0.0,146007.2964112963,0.0
1181,2209316,3139.680777,1039,1.645513176797306,4.808548022992909,0.954509824514389,110913.98139188298,1.0
1182,2210396,3140.622505,1080,1.6545555309930977,3.304133308120072,0.9923691302537918,108780.4814860734,1.0
1183,2211424,3137.467513,1028,1.6728844234933675,2.941720769740641,0.9904301911592484,101378.82880498887,1.0
1184,2213424,2965.655441,2000,1.6684436730893761,5.536772659979761,0.0790424644947052,128459.70852203667,0.0
1185,2214492,3137.348068,1068,1.6551115312119768,3.721343935467303,0.9587668627500534,97362.36165935207,1.0
1186,2216492,2955.410579,2000,1.6725176961311325,9.671464562416077,0.0,89320.51683518357,0.0
1187,2217541,3151.142149,1049,1.5838541092856149,2.299241430591792,0.992070734500885,111243.05774785102,1.0
1188,2218733,3137.505215,1192,1.6292781848717752,4.4444657396525145,0.9405054152011871,127365.46134684441,1.0
1189,2220733,2954.917518,2000,1.5747574985604726,12.581246439367533,0.0,167967.8844944923,0.0
1190,2222733,2493.025799,2000,0.9721539968037425,231.3094139099121,0.0,22276.802557004907,0.0
1191,2224733,2500.015468,2000,0.9904597288431686,226.90435498952866,0.0,7632.216925464247,0.0
1192,2226002,3153.939036,1269,1.5817042347161703,0.6116628355812281,0.9232320636510849,131461.09811730887,1.0
1193,2228002,2905.861959,2000,1.663169451687678,38.747889921069145,0.0,49056.06402306326,0.0
1194,2229080,3141.052697,1078,1.6860657813559863,0.8623649482615292,0.98343625664711,98680.97310375732,1.0
1195,2231080,2933.319737,2000,1.6248423520833533,17.214432824403048,0.0,142221.75021973278,0.0
1196,2232151,3141.197239,1071,1.6893115995024206,0.90437923790887,0.9511630982160568,109078.49876515933,1.0
1197,2233326,3131.58459,1175,1.6893339407432462,4.995705792680383,0.5708274617791176,106744.02539575667,1.0
1198,2234870,3139.884509,1544,1.6940393244401042,0.36710736458189785,0.9470415115356445,126006.29751980554,1.0
1199,2236870,2952.555309,2000,1.6363478518986563,10.816557565703988,0.0,98890.20577877655,0.0
1200,2237922,3133.355878,1052,1.7100105784018476,3.8082492537796497,0.9660132229328156,103643.63550704761,1.0
1201,2239922,2508.166123,2000,0.973342606996496,223.67633879184723,0.8404577523469925,21325.914402802566,0.0
1202,2240948,3138.659046,1026,1.667648135734111,3.3697898034006357,0.8301735669374466,119058.93484513099,1.0
1203,2241990,3137.910465,1042,1.659984996218327,4.114854033105075,0.8320924639701843,113944.30786693127,1.0
1204,2243124,3140.304896,1134,1.5949732021300491,4.870794829912484,0.937054380774498,81433.28115213393,1.0
1205,2244116,3147.308725,992,1.6146166219751978,1.9444768549874425,0.9467432647943497,126405.26424271805,1.0
1206,2246116,2502.872907,2000,0.9880180048096897,225.596085190773,0.0,9585.59615224936,0.0
1207,2247167,3141.568412,1051,1.641677455953549,2.4744083639234304,0.9150941669940948,108574.47897970869,1.0
1208,2249167,2848.139784,2000,1.703048062662108,64.54123556613922,0.0,70871.69292358115,0.0
1209,2251167,2876.325373,2000,1.6985827287622859,47.14799299836159,0.10149515233933926,91279.17234841657,0.0
1210,2253167,2930.570465,2000,1.6994288218825067,22.642627358436584,0.0,98783.92596756824,0.0
1211,2254231,3130.981167,1064,1.668679745658476,4.958328441716731,0.7657301425933838,125441.7935842173,1.0
1212,2256231,2931.875502,2000,1.690140192989501,22.380842361599207,0.0,97739.9546533031,0.0
1213,2258231,2857.307049,2000,1.6918151034181803,63.07546980679035,0.0,48845.19423333621,0.0
1214,2259234,3152.360672,1003,1.5568026918477265,3.176867379806936,0.9703046828508377,138757.08722865267,1.0
1215,2261234,2832.3093,2000,1.5910599100152356,80.5428083986044,1.074000969529152,80562.98987851372,0.0
1216,2263234,2958.254591,2000,1.6023375853693607,10.290771955624223,0.0,164825.2231018382,0.0
1217,2265234,2948.86395,2000,1.5961947191244186,17.90349232032895,0.0,135177.70932920257,0.0
1218,2267234,2534.805003,2000,0.9848880172479019,209.78794991970062,0.0,12089.586201678701,0.0
1219,2268368,3151.062478,1134,1.5847676670254223,1.7583580920472741,0.908922553062439,118244.30569972108,1.0
1220,2270368,2918.666109,2000,1.6488718789656631,32.286244444549084,0.0,117144.56780546463,0.0
1221,2272368,2903.722079,2000,1.6195529144327412,42.46209841221571,0.0,77174.90063842772,0.0
1222,2274368,2973.481536,2000,1.5282362063054626,7.514299359172583,0.0,146297.12966088884,0.0
1223,2276368,2924.524351,2000,1.6140314785104106,30.953186564147472,0.0,88749.1205243428,0.0
1224,2277397,3140.594595,1029,1.6489924181538294,4.554412211291492,0.8864975720643997,127342.05000421804,1.0
1225,2277706,454.167294,309,1.002223017178243,1049.3515133857727,20.0,0.0,0.0
1226,2278058,635.214882,352,1.0008497681838915,958.8272273540497,20.0,0.0,0.0
1227,2278884,2103.065173,826,1.0002378416153184,224.90166127681732,4.145395457744598,0.0,0.0
1228,2279887,3143.981642,1003,1.6103271230411254,2.9491782188415527,0.9757241606712341,114669.69156647523,1.0
1229,2280884,3142.933843,997,1.641665750236212,2.1083051688037813,0.9872928261756897,123110.08039904287,1.0
1230,2282884,2939.013738,2000,1.6791642799447095,18.749195616692305,0.0,99172.4100147056,0.0
1231,2283971,3150.374742,1087,1.6360116110714595,0.1985396520467475,0.8962853997945786,108945.2534676771,1.0
1232,2285046,3158.980232,1075,1.542136685676115,1.2888498022221029,0.8766654133796692,141186.4351659205,1.0
1233,2286061,3154.401699,1015,1.5771864272079539,1.6789018409326673,0.9363415092229843,130345.04011614475,1.0
1234,2287100,3162.459866,1039,1.507351665636552,2.1586580551229417,0.9696997702121735,157454.0525016058,1.0
1235,2287511,-194.233381,411,1.0030375466876182,1373.5501170158386,9.660451412200928,0.0,0.0
1236,2289511,2967.492846,2000,1.534042057050116,8.702839957550168,0.0,139833.97441102067,0.0
1237,2291511,2933.819343,2000,1.5981450138890985,25.58011282235384,0.0,124990.43396739668,0.0
1238,2292741,3139.276674,1230,1.6006994821599163,4.973780829459429,0.5000727251172066,97289.27593051158,1.0
1239,2294741,2941.269286,2000,1.523790117426511,22.694962564855814,0.0,123837.3216624764,0.0
1240,2296741,2873.001368,2000,1.6830895033994326,55.62196858227253,0.0,97908.73896381198,0.0
1241,2298741,2944.873679,2000,1.5468851543916997,21.607923321425915,0.0,128372.59567153612,0.0
1242,2300741,2876.245487,2000,1.6079027785399131,57.6960202306509,0.0,47945.31550378553,0.0
1243,2302741,2924.055667,2000,1.5313117481713072,34.557209350168705,0.0,134434.76277636853,0.0
1244,2304741,2953.598938,2000,1.5574834987180772,10.464414255693555,0.0,149237.486785502,0.0
1245,2306741,2847.583355,2000,1.5262604009691039,65.35840965807438,0.0,149242.74056584146,0.0
1246,2308741,2950.590929,2000,1.5997629554221444,15.69027453660965,0.0,123643.0841796663,0.0
1247,2310741,2943.724964,2000,1.5859098984069013,19.944784697145224,0.0,126542.58968383794,0.0
1248,2312741,2535.352391,2000,0.9849193409905217,209.50723439455032,0.0,12064.527207582969,0.0
1249,2313675,3146.119956,934,1.5669810367647459,4.206007230095565,0.8559367060661316,181605.78552571306,1.0
1250,2315675,2970.370292,2000,1.5923551131064884,6.928083719685674,0.5045188963413239,147962.33832941513,0.0
1251,2317675,2948.219977,2000,1.6128954218021487,17.3579310066998,0.0,133381.14491476674,0.0
1252,2319675,2928.202489,2000,1.678738524628852,24.917920120060444,1.1314795911312103,73437.46672537856,0.0
1253,2321675,2939.333902,2000,1.6383688755129062,20.82006772980094,0.0,77081.01354014664,0.0
1254,2323675,2943.367805,2000,1.632216120077101,18.262501806020737,0.0,109098.28050442514,0.0
1255,2325675,2949.245111,2000,1.6133088008232583,16.534836497157812,0.0,126508.69730317719,0.0
1256,2326635,3145.349484,960,1.5321270440445436,4.971527494490147,0.6143214926123619,135966.26897367343,1.0
1257,2328635,2954.66585,2000,1.5510608382075926,16.536525450646877,0.0,71056.48573172063,0.0
1258,2329616,3146.505295,981,1.5846077925524715,4.079763195477426,0.8328437060117722,98152.36765898492,1.0
1259,2331616,2939.144055,2000,1.6145859678011434,20.33031592145562,0.0,139813.23200017013,0.0
1260,2333616,2901.896424,2000,1.7720233821907203,34.60866026580334,0.0,55806.547864211716,0.0
1261,2335616,2922.446701,2000,1.6108851794430323,31.568200327455997,0.0,126184.32464732682,0.0
1262,2337501,3149.687506,1885,1.6138842989316333,0.5912580963922665,0.8382844179868698,118616.56517872094,1.0
1263,2339501,2944.520311,2000,1.6765034114829562,15.298121608793736,0.9287253022193909,63073.3081848793,0.0
1264,2341501,2932.604379,2000,1.6451685960896054,23.82219024002552,0.0,85470.5182539486,0.0
1265,2343501,2554.391144,2000,0.9682391924828365,200.81984996795654,0.037306530866771936,25408.646013731624,0.0
1266,2344490,3137.893539,989,1.6126399936021347,4.7705661272630095,0.9304486215114594,90586.96656012413,1.0
1267,2345988,3141.783985,1498,1.621106348148384,2.9709376394748688,0.9333840757608414,100170.3020979111,1.0
1268,2347591,3134.759022,1603,1.6272861737882929,4.998355871066451,0.42628902941942215,89814.50284505892,1.0
1269,2349591,2531.887186,2000,0.973254043740018,211.83206140995026,0.0,21396.765007985687,0.0
1270,2350582,3142.166056,991,1.6029518559779867,2.6404332602396607,0.9283243119716644,121638.7037373047,1.0
1271,2351605,3144.527392,1023,1.6127319062774352,2.7023772709071636,0.9929078817367554,145187.81167885914,1.0
1272,2353605,2529.978382,2000,0.9840501315925501,212.25256472826004,0.0,12759.894725958988,0.0
1273,2354601,3152.243944,996,1.5406462570737016,4.083722596988082,0.9683104604482651,127282.24922695098,1.0
1274,2355610,3156.300683,1009,1.5398720069189218,1.8116339924745262,0.9570557624101639,129791.26632021386,1.0
1275,2357524,3135.078569,1914,1.6284627918733752,4.916845005936921,0.9743854403495789,125565.76761326825,1.0
1276,2358801,3135.30433,1277,1.6301261696019844,4.992255941033363,0.2947128750383854,113304.3932809956,1.0
1277,2360681,3139.202114,1880,1.5967892096772962,4.883344983682036,0.9804625809192657,146223.51006889064,1.0
1278,2361771,3136.198097,1090,1.607041149405468,4.928999464027584,0.7921281456947327,141777.21966056892,1.0
1279,2363385,3146.182494,1614,1.6418512639053873,0.9972447878681123,0.9490600973367691,110602.92665305722,1.0
1280,2365385,2929.570239,2000,1.5931344218874521,28.8160415366292,0.0,130125.25853964446,0.0
1281,2366686,3148.588106,1301,1.619162658379545,0.46742438280489296,0.7961871474981308,119700.70998676856,1.0
1282,2368686,2957.253441,2000,1.6307132105276267,10.460434248670936,0.0,106971.90774346991,0.0
1283,2370093,3137.215651,1407,1.658801612537868,3.347025951370597,0.9626194834709167,90791.86643457974,1.0
1284,2372093,2952.718479,2000,1.5901385387038434,15.075072180479765,0.0,138044.23388416474,0.0
1285,2374093,2963.169389,2000,1.6265860011280218,7.831413997337222,0.0,95840.84034390088,0.0
1286,2376093,2960.044998,2000,1.6425068996129633,8.104340638965368,0.0,92735.71309893994,0.0
1287,2377099,3141.10747,1006,1.6529796531883822,1.3007984671276063,0.990079790353775,118262.55203051669,1.0
1288,2379099,2935.534444,2000,1.6729554899322567,20.56142734363675,0.0,70919.00162819849,0.0
1289,2380166,3159.177584,1067,1.5408101822019464,0.6387364701367915,0.9438043832778931,124119.99279915025,1.0
1290,2382166,2962.802318,2000,1.6250503124859013,7.409920915961266,0.0,125087.19919049293,0.0
1291,2384166,2932.658638,2000,1.6687565507600928,22.465572226792574,0.0,45193.43028639592,0.0
1292,2385279,3140.032238,1113,1.6235652338714976,1.7997821560129523,0.9708352386951447,126892.86900901078,1.0
1293,2387279,2810.20914,2000,1.779078914277065,82.1781512349844,0.0,16891.967045411122,0.0
1294,2388300,3148.181539,1021,1.5978834744818977,1.7514058272354305,0.9136855602264404,146126.38092250662,1.0
1295,2389398,3150.692555,1098,1.6134098367465364,0.41797966696321964,0.9376706182956696,116186.25821749432,1.0
1296,2391398,2741.726072,2000,1.5180827830185808,118.49763616919518,2.23333403468132,217565.93678277987,0.0
1297,2392441,3135.943082,1043,1.6755654544513616,1.2512698012869805,0.9511195123195648,128988.583234531,1.0
1298,2394441,2836.857869,2000,1.7265512651968584,56.4163438975811,0.7224398851394653,129347.93322154648,0.0
1299,2395477,3125.789572,1036,1.7083020768824044,4.987304680980742,0.9141287952661514,123577.85418688066,1.0
1300,2397477,2785.962725,2000,1.489453644029157,108.78173634409904,0.0,106125.8985159298,0.0
1301,2399477,2938.671866,2000,1.6100051171548269,21.973276510834694,0.1377728022634983,110794.37001062515,0.0
1302,2401477,2894.351396,2000,1.4339592753810253,48.145126551389694,0.4700743034482002,106061.5195588148,0.0
1303,2403196,3129.938541,1719,1.641341645409694,3.7434742553159595,0.9916985034942627,122128.83465943603,1.0
1304,2405196,2959.381856,2000,1.6849446649084616,5.879430798813701,0.0,100540.9569869759,0.0
1305,2407196,2730.606668,2000,1.4669061920148332,137.61943951249123,0.13501569628715515,58413.39007596089,0.0
1306,2408232,3152.498643,1036,1.5357937379042097,4.262877395376563,0.9758849442005157,118298.6834207472,1.0
1307,2410232,2961.039603,2000,1.5386245905692681,13.32884095609188,0.0,93806.50020105098,0.0
1308,2412232,2956.136328,2000,1.5689681196527183,14.05144901946187,0.0,106799.91412595013,0.0
1309,2414232,2931.22068,2000,1.675794950501673,20.906162448227406,0.0,115886.80182223213,0.0
1310,2415322,3143.193153,1090,1.6070370291946787,0.7419060857500881,0.8587122708559036,135416.2436096475,1.0
1311,2417322,2794.796533,2000,1.6845984696931404,94.60286423563957,2.748808264732361,73202.06315345455,0.0
1312,2419322,2945.073344,2000,1.7282405666274565,11.634772410616279,0.0,33930.360617596496,0.0
1313,2421322,2844.453651,2000,1.7579196936480421,66.11636839807034,0.07688811980187893,22589.02922832684,0.0
1314,2423322,2808.315416,2000,1.6630737202315469,88.93348462879658,0.04477381240576506,42088.245956017025,0.0
1315,2424372,3144.880091,1050,1.545673626942993,4.970003035850823,0.8707864582538605,150670.20239931415,1.0
1316,2425435,3137.289432,1063,1.5975478235258112,4.844157490879297,0.9075760096311569,134756.53320251612,1.0
1317,2426464,3151.486772,1029,1.6013429092905345,0.5898356175748631,0.9254808723926544,116613.16095548846,1.0
1318,2428464,2975.165731,2000,1.545586441420849,5.47494983766228,0.0,150794.91934515943,0.0
1319,2429570,3139.1965,1106,1.577437362652333,0.5976335814921185,0.8677273243665695,146766.5498631297,1.0
1320,2431570,2962.193258,2000,1.5902498705313068,8.507041493430734,0.0,117918.65831543776,0.0
1321,2432551,3145.299893,981,1.6174860262520518,2.235175226815045,0.9689702093601227,128274.33389227709,1.0
1322,2434551,2808.193324,2000,1.6053800266880147,91.95197001099586,0.0,81279.59428410199,0.0
1323,2435567,3147.24663,1016,1.5396178443831208,4.9991392297670245,0.737505778670311,139845.11729068647,1.0
1324,2436573,3146.886512,1006,1.5714302965674387,4.7321864403784275,0.9224633127450943,148576.80848056782,1.0
1325,2437565,3150.325053,992,1.5320195933205565,3.751559997908771,0.9264965355396271,169876.52551487097,1.0
1326,2438513,3147.736664,948,1.5462090066585714,4.724333644844592,0.8434520661830902,144175.0385022479,1.0
1327,2439525,3147.769224,1012,1.5361950915729607,4.9763711867854,0.3860744833946228,138331.01450979197,1.0
1328,2440558,3161.980579,1033,1.5077261648015712,2.872512093745172,0.912213921546936,176493.46517616435,1.0
1329,2442029,3156.599098,1471,1.5580783636501931,0.27297859196551144,0.9120626002550125,129491.35919224743,1.0
1330,2444029,2949.316942,2000,1.547024492740143,11.87067897990346,0.2442479506134987,155815.47008648427,0.0
1331,2446029,2974.741452,2000,1.5240358804910377,5.472929100506008,0.07137154694646597,145811.40374296342,0.0
1332,2447015,3142.071317,986,1.625943520909285,4.035664955154061,0.9124147891998291,163899.8888617832,1.0
1333,2448020,3155.256534,1005,1.5590696487991689,0.4101084923604503,0.9512887895107269,143872.41254944142,1.0
1334,2449076,3134.720981,1056,1.6242411605618226,4.9907161155715585,0.7110065966844559,168037.06513371115,1.0
1335,2451076,2954.226474,2000,1.7376310537537134,6.332149263471365,0.0,66332.19083515722,0.0
1336,2453076,2957.739472,2000,1.54943750520368,13.446010183542967,0.0,132890.44090314608,0.0
1337,2455076,2959.093831,2000,1.5694620228598748,9.55716404132545,0.0,169504.465220813,0.0
1338,2457076,2493.060647,2000,0.9630709057256047,231.74867033958435,0.0,29543.275419515703,0.0
1339,2458062,3170.220105,986,1.3880400082561313,4.004276474006474,0.926043838262558,158409.83915625906,1.0
1340,2459084,3142.861227,1022,1.562000887948897,4.92661097086966,0.9653513878583908,146353.64316478942,1.0
1341,2460147,3145.527926,1063,1.5409915386644852,4.986964515410364,0.7513701170682907,180251.1086780168,1.0
1342,2461293,3139.645004,1146,1.5407153348199423,4.818601766601205,0.9936720877885818,164734.81637605015,1.0
1343,2462320,3141.143639,1027,1.5737273321304823,4.916635807603598,0.9637821465730667,166392.00026719717,1.0
1344,2463922,3111.805578,1602,1.6385969800835902,4.949877387844026,0.6245590001344681,131462.29045521055,1.0
1345,2465922,2953.302421,2000,1.5309815367006463,15.498890541493893,0.21680815145373344,147935.85446324965,0.0
1346,2467922,2895.856577,2000,1.6570167670254832,29.554431326687336,0.0,149377.7439164218,0.0
1347,2468913,3137.440584,991,1.6172787949558949,4.922232124954462,0.8355053514242172,170668.27194352733,1.0
1348,2470022,3140.316679,1109,1.615591272410356,2.4863614817149937,0.9855711460113525,165175.16547250727,1.0
1349,2471128,3139.144685,1106,1.5434065043100362,4.8604822950437665,0.9762585908174515,175473.52261365126,1.0
1350,2472927,3148.868552,1799,1.5795251158619426,1.788357098121196,0.8913148939609528,125103.05304242288,1.0
1351,2473992,3154.842901,1065,1.5530802460006965,0.9535487042739987,0.8297096192836761,178410.15922261667,1.0
1352,2475207,3126.099241,1215,1.612226563388213,4.973763017915189,0.8451470732688904,179195.99571221462,1.0
1353,2476162,3146.933637,955,1.5754786390354103,4.442762467078865,0.9540623426437378,170086.2670222091,1.0
1354,2477275,3142.685457,1113,1.5072014822830633,4.997299751266837,0.7708024233579636,160135.7975537858,1.0
1355,2479275,2906.297629,2000,1.7434413769349215,32.31731615960598,0.0,62227.047759408844,0.0
1356,2480319,3134.772519,1044,1.619927901017421,4.975684569217265,0.9069166332483292,167884.3095550765,1.0
1357,2481772,3108.024533,1453,1.6683512219841732,4.9895967822521925,0.6083421036601067,138174.4655744811,1.0
1358,2482747,3156.382594,975,1.5380139117616805,1.2188299151603132,0.8693459630012512,133755.48737755537,1.0
1359,2483796,3158.539261,1049,1.4367255862419828,4.978228826075792,0.49906816333532333,162076.1645352775,1.0
1360,2484746,3155.089021,950,1.5432218033396528,1.770264410879463,0.8863174915313721,171559.10697494194,1.0
1361,2485841,3150.296309,1095,1.632988786023242,0.21901548461755738,0.8351089805364609,119634.37094187866,1.0
1362,2486792,3150.03231,951,1.541727069494535,4.81427600607276,0.9728982299566269,178392.92872175484,1.0
1363,2487845,3154.900444,1053,1.4696353649792095,3.8719031726941466,0.8324793726205826,189149.56158985954,1.0
1364,2488797,3152.240694,952,1.5924633765323644,0.18747215654002503,0.9183962643146515,144085.2811045848,1.0
1365,2490797,2493.813454,2000,0.9785617079452196,230.59344291687012,0.0,17150.633643823072,0.0
1366,2492797,2969.054745,2000,1.5300125006656884,8.821091847494245,0.0,145456.53283437734,0.0
1367,2494797,2966.04026,2000,1.5468960324009193,9.128066478297114,0.0,170911.09391761955,0.0
1368,2495894,3138.385247,1097,1.595321619685546,4.998468328267336,0.8508345484733582,161251.5116009921,1.0
1369,2496841,3152.428866,947,1.5216711687983224,4.0611145086586475,0.8711478114128113,171262.65396966232,1.0
1370,2498841,2871.875543,2000,1.6238551925331584,49.227917566895485,0.9140182286500931,121693.32989412567,0.0
1371,2499922,3142.523925,1081,1.5299198790643205,4.9693373730406165,0.8185919374227524,154719.679394792,1.0
