episode,timesteps,episode_reward,episode_duration,energy_consumed,final_distance,final_speed,remaining_battery,success
1,2000,1.686016,2000,0.007177392128116177,1525.2467393875122,0.0,794258.0862975076,0.0
2,4000,-1596.830539,2000,0.536198136283955,2298.04265499115,0.0,371041.4909728356,0.0
3,6000,492.682007,2000,0.1615496651975435,1272.018402814865,0.0,670760.2678419646,0.0
4,8000,-0.798833,2000,0.008382160235949872,1526.4095664024353,0.03715221304446459,793294.2718112398,0.0
5,10000,0.559429,2000,0.007159181457876281,1525.7883667945862,0.0,794272.6548336986,0.0
6,12000,366.754384,2000,0.014942987675107515,1342.3057794570923,0.18452174961566925,788045.6098599148,0.0
7,14000,1.060529,2000,0.006137828598541502,1525.6086587905884,0.19048666581511497,795089.7371211667,0.0
8,16000,-1.480201,2000,0.008556183729012817,1526.7584323883057,0.13662408106029034,793155.05301679,0.0
9,17026,643.35414,1026,1.0033376118399664,954.759031534195,20.0,0.0,0.0
10,19026,-0.896553,2000,0.009028800289128404,1526.4245867729187,0.23881478235125542,792776.9597686974,0.0
11,21026,930.840751,2000,0.5085616520134808,1035.5613827705383,0.0,393150.67838921584,0.0
12,23026,910.054957,2000,0.675689380370899,1037.6228392124176,0.0,259448.49570328006,0.0
13,23544,734.354564,518,1.0006165553081523,909.2563390731812,8.830670714378357,0.0,0.0
14,24879,1255.318343,1335,1.8561369239199312,655.998095870018,20.0,0.0,0.0
15,26879,1676.059441,2000,0.7839319119728291,649.2023169994354,0.0,172854.47042173872,0.0
16,28879,1836.60588,2000,0.6027640735590922,578.0041962862015,0.0,317788.741152726,0.0
17,30879,1815.533183,2000,0.4538511606232695,595.9745049476624,0.0,436919.0715013834,0.0
18,32879,719.958905,2000,0.5285673905139411,1140.0367319583893,0.0,377146.0875888473,0.0
19,34879,374.779817,2000,0.77081811871052,1300.5114197731018,4.473028182983398,183345.50503158532,0.0
20,36879,1342.363772,2000,0.9441605806394664,858.0123782157898,7.418438792228699,452147.4964540701,0.0
21,38879,2356.533387,2000,0.6333131760955205,316.50330126285553,0.0,293349.45912358403,0.0
22,40879,1147.479171,2000,0.7953868128930193,912.934273481369,8.218655586242676,163690.54968558613,0.0
23,42879,945.977392,2000,0.3072838373917159,1038.0781888961792,0.0,554172.9300866305,0.0
24,44879,1309.10473,2000,0.5743486052072023,843.155175447464,0.0,340521.11583423876,0.0
25,46879,1353.382313,2000,0.6533537286335935,817.0756101608276,0.8650030195713043,277317.01709312585,0.0
26,48879,2311.036246,2000,0.48097598939442754,346.8715399503708,0.0,415219.2084844587,0.0
27,50879,2363.999432,2000,0.5447704903973333,317.195825278759,0.0,364183.60768213443,0.0
28,52879,2339.386873,2000,0.6370969425366515,324.88835602998734,0.6745703518390656,290322.4459706787,0.0
29,54879,2388.617048,2000,0.9739718324279423,333.4582597017288,0.0,593247.5977374527,0.0
30,56879,2612.005606,2000,0.8181264751705103,229.47493940591812,0.0,732458.5357251747,0.0
31,58879,2100.080384,2000,0.8906006464806777,481.7180782556534,4.312209486961365,591497.7386912719,0.0
32,60879,1516.433844,2000,1.218272093673794,757.2304308414459,3.0534765124320984,352301.09923473105,0.0
33,62879,2317.892634,2000,0.6040654780596474,337.2863084077835,0.0,316747.61755228095,0.0
34,64879,2348.653677,2000,0.6341255100695629,320.40173560380936,0.0,292699.59194434935,0.0
35,66879,2221.236473,2000,0.462570584026039,392.67580211162567,0.2805508114397526,429943.5327791692,0.0
36,68879,2194.632093,2000,0.3905842276901109,409.58498418331146,0.0,487532.6178479108,0.0
37,70879,2524.121379,2000,0.9910453678651353,264.7332027554512,1.8496373295783997,475338.38401769043,0.0
38,72879,2387.137774,2000,0.6759469183848374,299.0737706422806,0.0,259242.46529212923,0.0
39,74879,2169.731173,2000,0.6465342788934066,409.23137962818146,0.0,282772.57688527595,0.0
40,76879,1777.526449,2000,0.8772631622145993,593.8131362199783,0.0,98189.47022832024,0.0
41,78879,1750.502073,2000,1.4484870562311227,628.9699673652649,0.0,167244.6422015121,0.0
42,80879,1842.621447,2000,1.1558346817330154,597.5858867168427,0.0,403279.7343964975,0.0
43,82879,1925.826958,2000,0.6726818402173407,580.210268497467,0.0,737283.4234991637,0.0
44,84879,2430.199432,2000,0.5459103276561604,284.0385362505913,0.0,363271.73787507135,0.0
45,86879,1786.792279,2000,1.0938873841213146,628.2694190740585,0.0,482758.9663645589,0.0
46,88879,1838.145139,2000,0.637964527948011,625.6347298622131,0.0,726396.4580092275,0.0
47,90879,2377.564426,2000,0.6460233862502384,305.3493797779083,0.0,283181.2909998098,0.0
48,92879,2450.476781,2000,0.6562076073908273,268.3858573436737,0.0,275033.9140873383,0.0
49,94879,1816.676275,2000,1.1456995440954403,610.7956320047379,0.0,316402.4186878098,0.0
50,96879,1866.289274,2000,1.0936147901107491,588.7502878904343,0.0,368128.9891525649,0.0
51,98879,2305.015455,2000,1.2576779028983458,361.00854724645615,3.698756694793701,359789.5348139057,0.0
52,100879,2474.291132,2000,1.3353459273612418,272.4270075559616,0.0,320765.1730869244,0.0
53,102879,2640.23968,2000,1.2327641949242594,194.67200338840485,0.40991898626089096,378156.7789161218,0.0
54,104879,2568.292993,2000,1.3616087149158873,224.15779531002045,0.03933212719857693,258811.569454676,0.0
55,106879,2574.845061,2000,1.416376723084424,218.22593361139297,0.0,226677.0885843496,0.0
56,108879,2298.250962,2000,1.403307984416689,357.13858902454376,9.47226881980896,232210.3059598799,0.0
57,110879,412.548703,2000,-0.11164497924135376,1325.7502019405365,0.6878872215747833,889315.9833930841,0.0
58,112879,2376.681211,2000,0.5859926118990771,308.7930679321289,0.0,331205.9104807385,0.0
59,114879,2369.092136,2000,0.7777023192251002,302.9980883002281,0.0,177838.1446199198,0.0
60,116879,2364.224743,2000,0.7963034238776221,304.5070767402649,0.0,162957.26089790338,0.0
61,118879,2362.053392,2000,0.7428130998201811,308.2737699151039,0.0,205749.52014385516,0.0
62,120879,2379.786392,2000,0.7141484244702442,300.82592368125916,0.0,228681.26042380332,0.0
63,122879,2347.785768,2000,0.7541750152919982,314.83494490385056,0.11877226643264294,196659.98776640152,0.0
64,124879,2401.443808,2000,0.6955903340969871,290.9313440322876,0.0,243527.7327224114,0.0
65,126879,2520.986497,2000,1.4819553384676711,241.86484515666962,0.0,266450.330416166,0.0
66,128879,2356.527538,2000,0.6309272247367113,316.62388890981674,0.0,295258.22021063213,0.0
67,130879,2370.610868,2000,0.5725497341881911,312.5014007091522,0.0,341960.21264944656,0.0
68,132879,2538.407297,2000,1.570403995157173,228.90906035900116,0.0,252627.90564884708,0.0
69,134879,1970.752496,2000,1.6417657559986272,559.5476478338242,0.03863491117954254,665874.1222747433,0.0
70,136879,2549.316784,2000,1.3581782299783576,233.8293492794037,0.0,402438.51088189526,0.0
71,138879,2540.049363,2000,1.3198649449880266,240.49609154462814,0.0,411475.65125422744,0.0
72,140879,2527.695902,2000,1.3166758916969556,246.92253023386002,0.0,402493.14105321193,0.0
73,142879,2555.188838,2000,1.3414068173580969,231.88845813274384,0.0,392477.9259272188,0.0
74,144879,2511.66569,2000,1.1584263579860221,262.81850785017014,0.0,548263.0440548421,0.0
75,146879,2520.158336,2000,1.1271078780639017,259.77545231580734,0.0,525517.7898691819,0.0
76,148879,2526.734577,2000,1.0454013813104197,260.8250454068184,0.0,623341.4709194907,0.0
77,150879,2549.899472,2000,1.085854345320082,247.27678298950195,0.0,582615.6474691527,0.0
78,152879,2494.921899,2000,1.0233554346216525,277.7372896671295,0.0,598982.5959729794,0.0
79,154879,2491.35258,2000,0.86197651445165,287.80753165483475,0.0,708210.7248736974,0.0
80,156879,2482.730542,2000,0.9415388697242917,287.88113594055176,0.0,673999.8166087939,0.0
81,158879,2513.243193,2000,0.9678245812757393,271.3778167963028,0.0,607167.1009313694,0.0
82,160879,2481.687377,2000,0.8816330344736585,291.3505733013153,0.0,701185.7503138365,0.0
83,162879,2522.78818,2000,0.9605710942552524,266.8546289205551,0.0,616267.1008836878,0.0
84,164879,2439.234299,2000,0.5782072131644513,277.9041901230812,0.0,337434.229468439,0.0
85,166879,2407.485537,2000,0.9042958309181247,327.27252691984177,0.0,645218.0507496225,0.0
86,168879,2669.849146,2000,1.2907054560700175,176.7771653831005,6.696953177452087,398099.0554829815,0.0
87,170879,2752.028408,2000,1.322149358221781,134.12000611424446,2.4688632786273956,362103.05541684356,0.0
88,172879,2510.613237,2000,0.8026016161509616,280.78919649124146,0.0,727941.2880776151,0.0
89,174879,2566.236174,2000,1.0120641442743938,242.58528649806976,0.0,609258.6407629042,0.0
90,176879,2579.974835,2000,1.041193990623125,234.24334824085236,0.0,593552.831708104,0.0
91,178879,2561.625759,2000,1.007434830873692,245.04849314689636,0.0,598329.6815965032,0.0
92,180879,2568.793312,2000,1.0505816949112403,239.3094152212143,0.0,557414.1109731564,0.0
93,182879,2564.229205,2000,1.1364118981735387,237.30750381946564,0.0,537106.5342920866,0.0
94,184879,1618.217317,2000,0.6886593842275138,682.8856319189072,0.0,249072.49261798986,0.0
95,185271,573.942073,392,1.0003259166370089,989.4629716873169,20.0,0.0,0.0
96,185623,471.425924,352,1.001844914209754,1040.7218635082245,20.0,0.0,0.0
97,187623,2569.845856,2000,1.203077697313673,231.20053857564926,0.0,456657.1516215503,0.0
98,189623,2544.051825,2000,1.0814504939457947,250.22797286510468,0.41653554886579514,592896.1486346385,0.0
99,191623,2568.81108,2000,1.1801249791001753,232.78485238552094,0.0,492140.5992125842,0.0
100,193623,2484.555618,2000,0.7598375807273761,246.16346508264542,0.0,192129.93541809832,0.0
101,195623,2433.469438,2000,0.7374563228210792,272.8247344493866,0.0,210034.94174313673,0.0
102,197623,2558.717236,2000,0.9813159373786815,247.90846556425095,0.0,581970.8900904247,0.0
103,199623,2529.73979,2000,1.164416057341554,253.30547243356705,0.0,480971.3688328462,0.0
104,201623,2579.745495,2000,1.172074232811628,227.8970628976822,0.0,493425.7485857093,0.0
105,203623,2568.45839,2000,1.017610196764793,241.2823587656021,0.0,528181.1658923901,0.0
106,205623,2435.912879,2000,0.5972268225227915,278.6122262477875,0.0,322218.5419817673,0.0
107,207623,2569.086723,2000,1.1688130071587035,233.5081547498703,0.0,510747.0997559377,0.0
108,209623,2591.974629,2000,1.155222862004028,222.6353958249092,0.0,494286.49858398247,0.0
109,211623,2583.948424,2000,1.2086144281805973,224.01311248540878,0.0,447323.2166163242,0.0
110,213623,2764.552823,2000,1.5910540548025243,114.53676223754883,0.0,156055.24912508245,0.0
111,215623,2715.573939,2000,1.7331895633611938,131.93880021572113,0.0,56032.196727340226,0.0
112,217623,2447.63831,2000,0.8819080537321264,258.5243806242943,0.0,94473.55701429874,0.0
113,219623,2674.752111,2000,1.6448668076649557,156.71813115477562,0.0,98200.64271118843,0.0
114,221623,2642.936952,2000,1.445728605339181,182.64023959636688,0.7853321731090546,254424.42546697153,0.0
115,223623,2469.993651,2000,0.6831668098351114,257.2787404060364,0.0,253466.55213191078,0.0
116,225623,2565.792706,2000,1.563539770536416,215.2530625462532,0.8021876960992813,121931.85400521121,0.0
117,227623,2514.940502,2000,1.4632086283291157,245.91587483882904,0.0,237574.99042434,0.0
118,229623,2424.830392,2000,0.7062499364965273,278.7073329091072,1.5587902069091797,235000.0508027788,0.0
119,231623,2684.958634,2000,1.485814474919566,159.56790000200272,0.0,220392.0710062165,0.0
120,233623,2805.88562,2000,1.5902624099243312,93.9018689095974,0.0,149855.49687762975,0.0
121,235623,2753.615927,2000,1.6001889672643494,119.55496296286583,0.014922113623470068,151976.7586311791,0.0
122,237272,2427.86672,1649,1.7615657754678227,74.35794174671173,8.974145650863647,0.0,0.0
123,239272,2902.07246,2000,1.7630583573244651,35.17237678170204,5.72773814201355,38238.51288448285,0.0
124,241272,2737.46974,2000,1.5889243990996478,128.2370500266552,0.0,168007.73383390988,0.0
125,243272,2687.172734,2000,1.442109187608121,160.6902927160263,0.0,269725.46540411573,0.0
126,245272,2711.240872,2000,1.4753781428007784,147.16164395213127,0.0,281842.71074945416,0.0
127,247272,2754.359068,2000,1.4329307667145141,127.56843119859695,0.0,194623.16601782574,0.0
128,249272,2784.023424,2000,1.5796909824511343,105.40449991822243,0.0,197500.0188368699,0.0
129,251272,2805.344199,2000,1.6175115358253391,92.8261186927557,0.0,157801.28569797656,0.0
130,253272,2750.526471,2000,1.5904720508571202,121.62438780069351,0.0,182997.67221230446,0.0
131,255272,2842.886135,2000,1.557840677571138,76.89284160733223,1.569305807352066,153632.6852499352,0.0
132,257272,2785.500432,2000,1.6139842945698775,102.87299752235413,1.6613225638866425,152769.46968740012,0.0
133,259272,2439.458566,2000,0.7592810225683825,268.7396630644798,0.0,192575.18194529467,0.0
134,261272,2453.701356,2000,0.8114124743538617,259.00666415691376,0.0,150870.02051690893,0.0
135,263272,2864.396158,2000,1.6776422161397504,60.32051704823971,0.4718036949634552,72619.74033871487,0.0
136,265272,2795.757585,2000,1.5136721319532669,102.76949778199196,0.043684495612978935,148176.84349434634,0.0
137,267272,2892.516701,2000,1.6739740421382263,45.343464240431786,2.7068033814430237,74422.42296702745,0.0
138,269272,2884.2706,2000,1.6680460031863236,50.78643746674061,1.9271445274353027,94369.36642636824,0.0
139,271272,2924.955506,2000,1.6634635453346904,26.103414595127106,2.889353930950165,85816.66666907464,0.0
140,273272,2894.049068,2000,1.6209890013476156,48.000482842326164,0.6126363947987556,104991.07041254368,0.0
141,275272,2886.117394,2000,1.5568168141193361,44.95955351740122,1.9207283854484558,170832.61209098235,0.0
142,277272,2876.955967,2000,1.688259343251989,53.480733186006546,2.899233102798462,65756.25113370077,0.0
143,279272,2934.108589,2000,1.5818943993502081,23.025015369057655,0.0,153166.4535158269,0.0
144,281272,2339.151257,2000,0.853515603361665,314.18104469776154,0.0,117187.51731066791,0.0
145,283272,2892.336733,2000,1.7511892223589585,39.32914696633816,4.393310248851776,42571.69203961814,0.0
146,285272,2816.867739,2000,1.7342259194423262,81.23072236776352,1.6944143176078796,44338.95311592473,0.0
147,287272,2500.149255,2000,0.9293394544299454,229.8855185508728,0.0,56528.436456043826,0.0
148,289272,2915.976112,2000,1.5780063042058585,31.4639238640666,1.145954504609108,191201.48461271147,0.0
149,291272,2758.241309,2000,1.7368661133074361,110.44362187385559,1.7329581081867218,51482.38060426985,0.0
150,293272,2763.168904,2000,1.6929139964373026,110.14390736818314,1.4490067958831787,71478.57642442016,0.0
151,295272,2854.598444,2000,1.7129670236165926,63.432130962610245,2.311130464076996,52416.2167878325,0.0
152,297272,2819.097049,2000,1.664397419393163,83.62739905714989,1.6937008500099182,66240.19196658363,0.0
153,299272,2809.888689,2000,1.748065744485684,84.07932333648205,1.020529717206955,53667.92679511005,0.0
154,301272,2798.434097,2000,1.7439371059402944,89.98834155499935,1.6575853526592255,51383.842023750636,0.0
155,303272,2799.765163,2000,1.7049447809234637,91.24254249036312,1.6273397207260132,78812.60225581368,0.0
156,305272,2918.242199,2000,1.6419200417092166,31.73641674220562,1.1298806220293045,64631.351521723,0.0
157,307272,2758.671448,2000,1.6947708763659328,112.43931949138641,1.7182603478431702,85334.50298282853,0.0
158,309272,2821.66179,2000,1.7212010805070592,79.47600446641445,1.9795647263526917,55247.376481791456,0.0
159,311272,2908.749423,2000,1.680146018882998,35.934023559093475,0.0,28209.07691930076,0.0
160,313272,2842.429824,2000,1.7618362572918471,67.1122558414936,2.3038533329963684,40071.014295319095,0.0
161,315272,2404.686602,2000,0.5395766009220656,297.1092537045479,0.0,368338.71926234843,0.0
162,317272,2849.578536,2000,1.6605675833449889,68.56472231447697,2.507496178150177,23679.962152141772,0.0
163,319272,2900.656351,2000,1.636457142550549,38.63285109400749,2.359836995601654,73007.58096263894,0.0
164,321272,2919.086624,2000,1.750506986510094,25.07450245320797,2.8450417518615723,40253.238289371504,0.0
165,323272,2845.138253,2000,1.5817305867873483,66.05547107756138,0.0,149741.49904971526,0.0
166,325272,2876.137213,2000,1.7899163568091794,48.631126061081886,0.0,13261.162080564585,0.0
167,327272,2668.620405,2000,1.434494498183248,155.4274521768093,0.0,285596.1189088204,0.0
168,329272,2796.681999,2000,1.744955106640058,90.80902487039566,0.0,28112.754675630928,0.0
169,331272,2802.973389,2000,1.816547101858122,84.14985984563828,0.0,4721.314548064021,0.0
170,333272,2810.020291,2000,1.8110493171116047,80.95927722752094,0.0,19340.643288194886,0.0
171,335272,2870.26473,2000,1.7092177321768494,55.98742514848709,0.0,4118.137655685385,0.0
172,336499,2391.123518,1227,1.7964749022993276,91.07698313891888,1.5022814273834229,0.0,0.0
173,337738,2432.179482,1239,1.8426879142580472,68.21286678314209,1.686910092830658,0.0,0.0
174,339738,2861.268995,2000,1.8105516581177388,55.31650967895985,0.0,14452.857096200809,0.0
175,341738,2851.048686,2000,1.6858572148967406,66.75472296774387,0.0,56224.066719056405,0.0
176,343738,2938.716216,2000,1.7472135321265025,13.37088318541646,0.202102642506361,54383.35770235108,0.0
177,345738,2916.260373,2000,1.7757465980265632,26.296505704522133,0.03631816245615482,42689.85376235785,0.0
178,346676,2368.811128,938,1.7701560814231945,103.52466255426407,8.808597922325134,0.0,0.0
179,348676,2778.830233,2000,1.6659842392482613,103.72995212674141,0.04830410238355398,102248.1784857125,0.0
180,350676,2904.222308,2000,1.7668982644866216,33.69755856692791,0.07620603311806917,40141.444956084684,0.0
181,352616,2348.26171,1940,1.729627984556737,115.79928919672966,0.2812722697854042,0.0,0.0
182,354425,3115.933335,1809,1.7355539634286694,4.976255586370826,0.40573179721832275,21652.55519910391,1.0
183,356425,2858.360909,2000,1.7575890983313374,59.30541269481182,0.8425407111644745,27761.425581226336,0.0
184,358425,2435.0068,2000,0.8557251061895295,266.14860445261,0.34040819853544235,115419.91504837641,0.0
185,360425,2497.900718,2000,0.7274752119273437,241.1041259765625,0.0,218019.83045812583,0.0
186,362425,2906.181078,2000,1.7792443057566099,30.976496636867523,0.0,13149.859540722045,0.0
187,364425,2943.079336,2000,1.7362131907355822,9.92389116436243,0.3270909935235977,38987.63071452163,0.0
188,366425,2896.651691,2000,1.7438590821992528,39.468979462981224,0.9265977889299393,41996.92171027911,0.0
189,368425,2756.985485,2000,1.7027547598981863,112.89877071976662,0.17711250111460686,24797.552786753196,0.0
190,370425,2940.468142,2000,1.7524832823727297,11.47957518696785,0.0,32496.427918054284,0.0
191,371778,3133.823432,1353,1.6657489470717972,1.7785871168598533,0.9523550420999527,69662.49737938333,1.0
192,373778,2910.925827,2000,1.7332948509272001,31.750045716762543,1.2166640907526016,45104.1063437284,0.0
193,375778,2870.002499,2000,1.7492503736896123,53.91920171678066,0.0,27965.923204267907,0.0
194,377778,2872.063175,2000,1.6507510831636787,57.77759850025177,0.0,13945.923382448875,0.0
195,379778,2883.143705,2000,1.7781799058147063,45.15280947089195,0.0,34844.10880580895,0.0
196,381778,2941.324059,2000,1.7466731170890128,9.382490767166018,0.001491253642598167,22236.11292345677,0.0
197,383696,2392.454352,1918,1.7888151120655078,90.85225313901901,0.556730292737484,0.0,0.0
198,385696,2919.547189,2000,1.8042685243096697,22.729518357664347,0.0,5742.103682601554,0.0
199,387696,2948.624362,2000,1.8102126467018618,5.719192209653556,0.8618016541004181,19746.90145406611,0.0
200,389696,2802.928772,2000,1.722401652354245,88.79903890192509,0.0,7301.612954793567,0.0
201,390708,2438.167968,1012,1.8038445063016135,67.16139055788517,5.917283296585083,0.0,0.0
202,392708,2893.356396,2000,1.664428894626796,43.26061997562647,0.0,105287.95334724545,0.0
203,393632,2409.91884,924,1.8275833543039421,80.09800873696804,5.920839905738831,0.0,0.0
204,395632,2908.217584,2000,1.7623644618555365,29.312356375157833,0.0,47810.93400957883,0.0
205,397632,2910.171941,2000,1.6621233162036784,25.559496134519577,0.0,68850.95825872153,0.0
206,398700,2441.125862,1068,1.8576579667951731,63.09770420193672,5.3590744733810425,0.0,0.0
207,400700,2665.278941,2000,1.4603711668078776,170.70798575878143,4.129157066345215,187428.72765999736,0.0
208,402700,2893.728013,2000,1.5734631581723626,50.749216228723526,0.0,161282.38081585758,0.0
209,404700,2726.924711,2000,1.6984298323386595,128.03608551621437,0.2100738324224949,84746.42633386055,0.0
210,406243,2514.4331,1543,1.8386770830813688,21.533149760216475,1.8507055938243866,0.0,0.0
211,408243,2953.461372,2000,1.6314376065646232,7.131664082407951,0.0,98776.95761768581,0.0
212,410243,2857.90907,2000,1.843178475798981,55.303651839494705,0.5470255017280579,1360.9955428389278,0.0
213,411806,2509.376106,1563,1.7454736272296771,25.517843663692474,11.602843999862671,0.0,0.0
214,413806,2774.810626,2000,1.7645575341658233,100.79331323504448,0.0,48667.55067035318,0.0
215,415652,3112.160589,1846,1.812881501777093,4.976089694537222,0.8581375330686569,27796.848611404108,1.0
216,417652,2694.923166,2000,1.685542455490806,144.65419203042984,0.0,78695.27678510976,0.0
217,419652,2713.187927,2000,1.7074870570519518,134.34210419654846,0.0,76105.50561332269,0.0
218,421652,2323.62124,2000,0.8634111435001017,321.4578106999397,0.0,109271.08519991804,0.0
219,423652,2268.630395,2000,0.916595891080832,346.294105052948,0.0,66723.28713533407,0.0
220,425652,2934.792759,2000,1.7534524085999643,15.138966031372547,0.0,81990.4845105103,0.0
221,427475,3139.742493,1823,1.695401108779391,1.3489670818671584,0.9876273572444916,34517.04713670046,1.0
222,429475,2673.824378,2000,1.6942302988968476,154.7819897532463,0.0,101470.07553941564,0.0
223,431475,2741.463965,2000,1.7482172475597437,118.2655468583107,0.0,78302.0961086788,0.0
224,433475,2744.08863,2000,1.765868485566835,116.04220792651176,0.0,63890.06732639858,0.0
225,435475,2738.392709,2000,1.7738487791483912,118.51851269602776,0.0,65686.91386662563,0.0
226,437475,2504.706238,2000,0.8821553011312592,229.97894883155823,0.0,94275.75909499178,0.0
227,438270,523.218325,795,1.0029904845182878,1014.824241399765,19.757384061813354,0.0,0.0
228,439170,674.867215,900,1.0015051019815469,938.9979243278503,9.322465658187866,0.0,0.0
229,441170,856.609886,2000,0.5983766601625214,1068.2133436203003,0.0,321298.671869984,0.0
230,443170,2338.553665,2000,0.9411760705436176,310.09264290332794,0.0,47059.143565106424,0.0
231,445170,2848.763172,2000,1.7654292131289158,63.68706934154034,0.0,38379.539222452564,0.0
232,447170,2828.509921,2000,1.800149661811177,72.16311246156693,0.0,25959.755346146292,0.0
233,449077,2463.477472,1907,1.8742516064772965,51.017291843891144,2.1117328107357025,0.0,0.0
234,451077,2893.671165,2000,1.7255144124508757,40.237133391201496,0.0,70176.39318956566,0.0
235,452941,3117.40992,1864,1.8162588957857038,3.683415474370122,0.9508989006280899,29791.065070536966,1.0
236,454941,2957.418626,2000,1.7071682267856345,5.093242507427931,0.0,108838.06656433558,0.0
237,456941,2929.469246,2000,1.775474774252879,18.33218475803733,0.57857695966959,46879.490186250165,0.0
238,458502,3135.737146,1561,1.6149992244701716,4.9782703863456845,0.7828986644744873,146258.79765654032,1.0
239,460502,2923.394287,2000,1.696253549598922,20.167680457234383,0.0,110055.29040657132,0.0
240,461965,3121.95351,1463,1.759525053506332,4.50903014279902,0.9805765748023987,56522.47452810017,1.0
241,462715,1561.326687,750,1.000150117537281,495.77052891254425,11.111819744110107,0.0,0.0
242,463851,3134.131477,1136,1.67671946782077,3.5618991823866963,0.9627489745616913,97225.21915820916,1.0
243,465331,3146.24553,1480,1.660521899820201,1.9197322544641793,0.8852621912956238,83889.55656623244,1.0
244,467051,3130.310235,1720,1.6810500147719833,2.3209196515381336,0.995093360543251,95415.07995431531,1.0
245,468197,3134.140109,1146,1.7234124127997938,2.2243164712563157,0.9317412972450256,92834.56498459574,1.0
246,470197,2973.369067,2000,1.6205263894729522,6.790792336687446,0.0,72641.73290618292,0.0
247,472197,2450.003544,2000,0.8659805201947675,258.1329792737961,0.0,107215.58384418665,0.0
248,474197,2943.388308,2000,1.7520589575460772,9.603685699403286,0.0,83737.15261881822,0.0
249,476197,2952.022935,2000,1.8521462160229551,5.183589295484126,0.0,54663.42028165978,0.0
250,477534,3123.546823,1337,1.820149840284104,4.065323970280588,0.997152253985405,30509.12208627437,1.0
251,479534,2947.405889,2000,1.730956385703798,10.124340187758207,0.0,76796.26432456779,0.0
252,480745,3122.009527,1211,1.7814789776109223,3.021689713932574,0.9853402525186539,102504.17315473536,1.0
253,482745,2936.099648,2000,1.755038573935666,9.799615480005741,0.0,78925.86744283771,0.0
254,484745,2937.174544,2000,1.765798307986055,10.341974208131433,0.0,96296.02396269041,0.0
255,486745,2956.358834,2000,1.7449313312548977,5.402903538197279,0.0,78875.93029639174,0.0
256,488566,3119.699055,1821,1.7044929073053927,4.999818513169885,0.31027719378471375,119343.61912160332,1.0
257,490566,2948.960936,2000,1.6992782745636623,10.399553691968322,0.0,120979.73440323275,0.0
258,492229,3122.604201,1663,1.6412558482406143,4.998928983695805,0.6942103803157806,132646.9532798954,1.0
259,494229,2945.270645,2000,1.7154238799847985,12.22125068306923,0.0,78807.19457010727,0.0
260,495495,3136.948845,1266,1.7354638982116026,0.6826972821727395,0.9797947108745575,51426.10976827471,1.0
261,497495,2440.179481,2000,0.7802138088962791,267.33342558145523,0.1307798083871603,175828.95288297697,0.0
262,498564,3120.729929,1069,1.7900839414639416,2.831054152920842,0.8666341751813889,64444.334596679415,1.0
263,500564,2941.252603,2000,1.710975902978299,9.487087139859796,0.0,66510.23063692251,0.0
264,501931,3113.62352,1367,1.7806856265863544,4.985114908777177,0.24791648611426353,17801.08429504761,1.0
265,503093,3118.941078,1162,1.7261555756554996,4.985221428796649,0.7912630587816238,86828.5562702555,1.0
266,505093,2917.42438,2000,1.6888804505276127,13.660278171300888,1.7249786853790283,115100.57261494797,0.0
267,507093,2912.419668,2000,1.676585275773324,16.92530745640397,0.0,112002.62485167618,0.0
268,509093,2902.532985,2000,1.6932577415953833,26.195182465016842,0.0,75997.06120627717,0.0
269,511093,2853.596243,2000,1.8444121953108772,57.35965445637703,0.0,4272.809527199522,0.0
270,513093,2487.108457,2000,0.8557336777030634,240.08779227733612,0.06392463110387325,115413.05783754952,0.0
271,515034,3119.495929,1941,1.6635886481229745,4.968461114913225,0.42184945195913315,113631.65050500359,1.0
272,516422,3122.124668,1388,1.8192014805100878,1.609816972631961,0.983043909072876,41654.0728598785,1.0
273,518422,2942.959558,2000,1.5006671038908683,18.635279964655638,0.0,161400.58070771358,0.0
274,520422,2890.970041,2000,1.705618541045206,44.999211095273495,0.0,14342.116036302752,0.0
275,522429,3138.41827,2007,1.5669359872841537,2.2306409664452076,0.7513074576854706,107401.34741148523,1.0
276,523454,3136.504015,1025,1.6632585043633545,4.425963386893272,0.9041693061590195,110660.88479257359,1.0
277,525454,2941.010979,2000,1.7836116272957274,5.443622823804617,0.0,77312.13665253828,0.0
278,527454,2918.099382,2000,1.6337546086434989,33.4645165130496,0.8452117443084717,29200.398383937096,0.0
279,528523,3117.927586,1069,1.75235368382888,4.836546024307609,0.997561514377594,67724.590279595,1.0
280,530506,3123.812197,1983,1.639955004427233,4.844627575948834,0.9976458549499512,141861.0893888861,1.0
281,532462,3144.041219,1956,1.5835056358028319,0.8137966215144843,0.9052979946136475,122313.65306606062,1.0
282,533851,3119.466807,1389,1.7216389042627334,4.990338231436908,0.2474663406610489,111335.37923311605,1.0
283,535531,3118.915055,1680,1.6766385724718116,3.6102948943153024,0.8742082864046097,92702.42194329288,1.0
284,536531,3124.534639,1000,1.7168219993345337,4.573119571432471,0.8427334576845169,87841.62606461495,1.0
285,537620,3123.24178,1089,1.773266346583892,3.464487148448825,0.9527168422937393,73628.8009700952,1.0
286,539156,3123.118642,1536,1.6907478312988484,4.459769348613918,0.989588052034378,111014.30267739634,1.0
287,540546,3125.199854,1390,1.689126997302328,4.997499519959092,0.13312406837940216,119026.09674796578,1.0
288,542045,3145.311361,1499,1.5860559453419987,2.3516604560427368,0.9015142172574997,126306.66209631006,1.0
289,543809,3132.261046,1764,1.6805138152472388,1.9904915825463831,0.9999439120292664,115577.28497890689,1.0
290,545417,3122.220037,1608,1.6937901122107384,4.974448587745428,0.7196838408708572,143778.97703224307,1.0
291,546674,3122.284194,1257,1.7403999034942994,4.68879088293761,0.9939857572317123,86835.01001238447,1.0
292,548531,3133.694812,1857,1.6681943834015265,3.3762536477297544,0.8751273900270462,148232.5804538398,1.0
293,549664,3125.628901,1133,1.687433531061208,4.983926774002612,0.170415211468935,129373.50949396247,1.0
294,551575,3142.352818,1911,1.6235620578292638,1.6870780382305384,0.8579397946596146,146292.84148605788,1.0
295,553575,2950.330785,2000,1.6953424622651199,8.185788290575147,0.16511306166648865,150478.40921609447,0.0
296,555348,3128.378458,1773,1.6558732303889836,4.962688777595758,0.4587126150727272,168730.19721499385,1.0
297,556462,3147.954386,1114,1.583733389130625,1.667453907430172,0.9134875982999802,152769.03627810022,1.0
298,558210,3130.155806,1748,1.7191587728422557,0.8695480646565557,0.9750793874263763,136441.8841362067,1.0
299,559619,3120.112907,1409,1.7250483834425998,4.99891466461122,0.027895940002053976,103757.1032753494,1.0
300,561204,3132.305738,1585,1.6823824923713793,1.6819788725115359,0.9646938741207123,140032.23732870817,1.0
301,562349,3135.109422,1145,1.5858213970026445,4.452738328836858,0.9849848598241806,150496.0499134803,1.0
302,564349,2499.271713,2000,0.850723753516389,234.26328599452972,1.0363250970840454,119420.99718688858,0.0
303,565418,3126.252711,1069,1.7184766840511039,2.838446118403226,0.9496275335550308,128165.5555432906,1.0
304,566521,3134.542689,1103,1.6969813239703242,1.7054848722182214,0.965120941400528,115932.54334096689,1.0
305,567692,3127.409805,1171,1.7761083910475552,3.363080439157784,0.9849487245082855,72091.44037931167,1.0
306,569692,2940.80769,2000,1.7719691088311467,8.290735306218266,0.6739896535873413,103471.57311726232,0.0
307,570725,3125.778413,1033,1.7288881388600648,3.7813178496435285,0.9961738437414169,120633.21987118176,1.0
308,572199,3117.031492,1474,1.7437218838535904,4.994994029402733,0.5423730611801147,103744.04617568839,1.0
309,573358,3120.956722,1159,1.7284937363527941,3.839518642053008,0.9950028359889984,116957.32576987472,1.0
310,574648,3143.283129,1290,1.6381767884673033,1.2258508941158652,0.9912864118814468,86702.38793349898,1.0
311,575727,3130.736939,1079,1.6226814485102325,4.9791623605415225,0.6756578385829926,122064.0169958965,1.0
312,577727,2450.010602,2000,0.8516592835623188,258.84246826171875,0.0,118672.57315014493,0.0
313,579413,3118.301288,1686,1.7152639051076977,4.964401479810476,0.6482386589050293,96935.69865828153,1.0
314,581151,3108.026007,1738,1.7528740646842862,4.968556109815836,0.5654432624578476,99619.23023513584,1.0
315,582758,3123.550794,1607,1.6713859326089389,3.4103826619684696,0.9798614680767059,140381.05994616324,1.0
316,584758,3130.643884,2000,1.7204245567172964,0.8216729911509901,0.9873297065496445,109235.26597177013,1.0
317,585968,3115.067315,1210,1.75399964043282,4.93404536973685,0.8317533880472183,103246.66450494766,1.0
318,587246,3121.076382,1278,1.7002229187154372,4.987034713849425,0.382077619433403,120671.00510293104,1.0
319,588777,3132.193241,1531,1.6000611543896792,4.998180898837745,0.059521691873669624,115942.28915861783,1.0
320,590265,3126.175147,1488,1.6526154308182366,4.953388357535005,0.5232353135943413,126526.89976742092,1.0
321,592265,2511.891413,2000,0.871233530659991,226.92444920539856,0.0,103013.17547200639,0.0
322,593380,3131.216209,1115,1.73596244480896,4.573508282192051,0.950905829668045,96065.80298360759,1.0
323,594445,3137.622724,1065,1.7000017133809373,0.830702658277005,0.8836973458528519,101005.567549874,1.0
324,595808,3113.486501,1363,1.713976748998666,4.928800044581294,0.8816654980182648,123638.2077429969,1.0
325,597240,3132.350642,1432,1.7152882272751828,0.8427528664469719,0.8915036916732788,105237.35673875273,1.0
326,598742,3124.045045,1502,1.6943650832768495,3.8081161910668015,0.9829147905111313,115363.75149438335,1.0
327,600071,3121.685642,1329,1.6881088173393148,4.992482950910926,0.29955780133605003,125382.10132461191,1.0
328,601123,3133.073804,1052,1.699296466446989,3.023866913281381,0.833834633231163,106126.50187959004,1.0
329,602117,3133.242093,994,1.7145219490354082,1.3714592205360532,0.9674263000488281,128351.59862152555,1.0
330,603163,3134.264395,1046,1.7170658263188592,1.4415029436349869,0.929180383682251,104120.2647363203,1.0
331,604722,3125.072829,1559,1.7228660576572887,3.9199967868626118,0.9497170150279999,122847.90892094198,1.0
332,605821,3126.309307,1099,1.7442985591190805,2.589686424471438,0.8602496981620789,99587.84432555747,1.0
333,607247,3140.017235,1426,1.6931810499224367,0.813522725366056,0.9254679828882217,124158.59539905588,1.0
334,608316,3123.388334,1069,1.721370648594585,4.964436055161059,0.6515598297119141,100469.2270752507,1.0
335,609737,3140.836361,1421,1.6472307729915643,2.0661644521169364,0.9312651306390762,134086.1170027867,1.0
336,611182,3127.288504,1445,1.683600473524744,4.380597732961178,0.9712082147598267,124297.89170925233,1.0
337,612762,3135.443253,1580,1.6403847940648748,2.627534733619541,0.9443328529596329,138147.1300873116,1.0
338,613803,3131.490818,1041,1.6480816793469337,4.963976796716452,0.5026668310165405,124474.34111870512,1.0
339,615803,2940.407988,2000,1.7627159861019654,11.777367442846298,0.0,48715.46715142244,0.0
340,616921,3132.268673,1118,1.6594490622504519,4.9869302893057466,0.7112701237201691,136118.4644142964,1.0
341,618384,3138.603017,1463,1.6289575684557747,4.268599092029035,0.9237043559551239,132947.3804874012,1.0
342,619884,3144.862723,1500,1.5682637105360802,4.9378793919458985,0.6389937549829483,136107.83250858742,1.0
343,621228,3128.868787,1344,1.7667106268417798,1.8038229318335652,0.9419147670269012,87917.30459183699,1.0
344,622710,3123.49646,1482,1.7890438982029293,1.9267959287390113,0.9881949424743652,75325.02436651567,1.0
345,624170,3128.912111,1460,1.7007199423290489,4.97462460771203,0.6091008335351944,121450.34118210537,1.0
346,625580,3147.797271,1410,1.5941194490686423,0.5660904716933146,0.9727738052606583,162828.30835641705,1.0
347,626710,3119.412573,1130,1.7600467035365885,4.699197364971042,0.9645960479974747,97376.84514693111,1.0
348,627736,3143.493798,1026,1.600679784471845,4.803291521966457,0.9254026412963867,138987.50732812838,1.0
349,628925,3142.327489,1189,1.6672775877211583,1.4480861427728087,0.9575553238391876,163863.262515157,1.0
350,630347,3129.87817,1422,1.6947099876394907,4.993606125935912,0.18764467909932137,139003.08357066548,1.0
351,631738,3141.191304,1391,1.7059688511414328,0.8201716700568795,0.9936708956956863,139482.27610837182,1.0
352,633271,3129.931954,1533,1.6767128726209843,4.988623782992363,0.7733604311943054,134084.31527157992,1.0
353,634457,3121.961306,1186,1.7109569779808642,4.995189607143402,0.9444671869277954,131310.06511520917,1.0
354,635949,3134.330551,1492,1.6503536737230478,4.9056949792429805,0.9481067955493927,140906.66202968423,1.0
355,637504,3139.755565,1555,1.6363646173115831,1.093171740649268,0.7984061539173126,139783.56246518233,1.0
356,638509,3143.237544,1005,1.5972832725348833,4.885677248239517,0.8796853572130203,119035.20299005393,1.0
357,639513,3125.774746,1004,1.7310699979313044,4.038746003061533,0.8627248555421829,121066.48365889589,1.0
358,641102,3120.465822,1589,1.714084742784289,4.955254727974534,0.6037907674908638,128712.4972940175,1.0
359,642466,3120.868648,1364,1.6890303137082405,4.968059831298888,0.977509617805481,144116.4872042532,1.0
360,644047,3128.782816,1581,1.6687532358191448,2.4885498569346964,0.895545482635498,127204.30588555313,1.0
361,645622,3118.874676,1575,1.7942127152846596,4.956949269399047,0.7850618660449982,102449.51932802294,1.0
362,646886,3117.577495,1264,1.7148578339361562,4.975835094228387,0.28698472306132317,151402.58972467773,1.0
363,648886,2927.511748,2000,1.8367304785293905,5.013088812120259,0.8749783784151077,80363.03980966451,0.0
364,650886,2912.136292,2000,1.7901213010545247,13.525858987122774,0.7540725916624069,75032.6991860471,0.0
365,652862,3131.810153,1976,1.7451078847301826,1.2546221259981394,0.9476831555366516,64889.45433308672,1.0
366,654503,3114.299598,1641,1.7532438656871976,4.901840351521969,0.9670140594244003,115463.25354990398,1.0
367,655911,3109.291205,1408,1.7858909639376626,4.42887470126152,0.9015380591154099,107975.14467767996,1.0
368,656932,3131.465987,1021,1.762078901665329,0.18505823391024023,0.8193153887987137,100701.13237204362,1.0
369,658932,2938.191576,2000,1.7962339457574894,12.06638803705573,0.04381996113806963,79952.49742421247,0.0
370,660172,3110.729079,1240,1.7875065423934846,4.994366085156798,0.09679573588073254,98955.50604124487,1.0
371,661461,3093.887721,1289,1.7926089445224198,4.995871335268021,0.3203238546848297,99651.52321042838,1.0
372,662969,3127.68556,1508,1.7181613599627787,1.0747553023975343,0.895249992609024,135763.3122147613,1.0
373,664558,3119.313794,1589,1.7485286405542644,4.999690689146519,0.2218998596072197,112931.08749603416,1.0
374,666507,3120.405612,1949,1.8237816540679685,1.0053210135083646,0.9567270427942276,69023.79574084588,1.0
375,668307,3127.383725,1800,1.6600227693826164,4.998544463887811,0.20267555490136147,122682.70914721594,1.0
376,670126,3127.460945,1819,1.7314895756141704,2.7259300695732236,0.9557977318763733,99316.827803258,1.0
377,672005,3130.439542,1879,1.6977218828931984,2.565024420619011,0.9955187141895294,80938.08477047703,1.0
378,673543,3121.722305,1538,1.7303040821150326,4.9920896999537945,0.26032663881778717,94121.6311232704,1.0
379,674810,3135.853116,1267,1.7233483655406723,1.4005731500219554,0.8495823293924332,118365.28944367978,1.0
380,675796,3127.087659,986,1.7180050084530891,4.0700583485886455,0.8740901947021484,111619.14106863397,1.0
381,677101,3129.060948,1305,1.666734122581566,4.964240128174424,0.6227881833910942,131071.90122602752,1.0
382,678082,3142.18373,981,1.5951848890704687,4.679104546085,0.8735711127519608,148390.55467848352,1.0
383,679167,3137.342411,1085,1.6412296049133646,1.816509640775621,0.9887979924678802,182063.9612122478,1.0
384,680330,3138.67714,1163,1.6312541378013985,3.6336220800876617,0.9377890825271606,159423.87052784528,1.0
385,681506,3138.068639,1176,1.6753940097863667,2.5914321304298937,0.953584760427475,142933.18023703044,1.0
386,682468,3133.84006,962,1.6669500407456734,4.3040880700573325,0.8106011897325516,170252.73010272824,1.0
387,683798,3139.734998,1330,1.7039288511265949,0.8729531255085021,0.912964791059494,154559.85722887385,1.0
388,684868,3133.880976,1070,1.6625113858334581,1.2652881850954145,0.9826336055994034,175990.38972580468,1.0
389,686244,3144.379607,1376,1.6476145823649124,2.0130773191340268,0.987311601638794,179055.26431309347,1.0
390,687371,3138.450869,1127,1.5874998169164287,4.976168274879456,0.8801264315843582,178468.0799445109,1.0
391,688673,3127.041104,1302,1.6204724995021698,4.989395965822041,0.973307266831398,197324.06119078145,1.0
392,689692,3160.757977,1019,1.4905757725082187,1.3271045463625342,0.9710469096899033,153501.52931813622,1.0
393,690791,3133.048042,1099,1.6132531568170219,4.9592762952670455,0.756702795624733,179907.66192705088,1.0
394,692791,2938.783057,2000,1.6160421317572702,6.5175562631338835,0.0,176656.16209662953,0.0
395,694399,3121.646006,1608,1.6125602533267671,4.992230096831918,0.7685799151659012,182537.38248477102,1.0
396,695413,3133.116378,1014,1.6080862224691288,4.962607054039836,0.5969443917274475,169058.88566002224,1.0
397,696569,3130.921195,1156,1.6266141114061556,3.654523054137826,0.98100945353508,185739.98283099104,1.0
398,698084,3122.367497,1515,1.6791120229364758,4.982498707249761,0.3494305908679962,130074.53644756021,1.0
399,699058,3134.408535,974,1.636981824217363,3.8292371900752187,0.9199699759483337,175986.44268107324,1.0
400,700572,3131.510809,1514,1.647874133570423,0.916315068025142,0.9469055384397507,157595.16653621086,1.0
401,701586,3147.330682,1014,1.6095204525455822,0.8352477452717721,0.9199567884206772,124599.59874993938,1.0
402,703176,3126.866064,1590,1.6759755013040187,3.68049053940922,0.9170711785554886,141912.36259520962,1.0
403,704159,3129.439886,983,1.6922787442504754,4.244599957019091,0.8173282444477081,128645.98190302713,1.0
404,705137,3141.426214,978,1.6254714016902252,2.3312000557780266,0.8436989784240723,153689.4759996136,1.0
405,706400,3121.135274,1263,1.680975107401161,4.984259605407715,0.26750169694423676,128843.43167725127,1.0
406,707463,3143.115699,1063,1.647741679204114,3.251675167120993,0.9721190482378006,143768.80835933122,1.0
407,708708,3135.5032,1245,1.6141137924790705,2.747714810539037,0.9841316193342209,170178.22367954,1.0
408,709723,3142.907249,1015,1.6351245804716357,1.5364227583631873,0.9785289317369461,156404.91209628902,1.0
409,710766,3128.08017,1043,1.6246493458348443,4.990697605535388,0.7309749722480774,162859.23002095247,1.0
410,711819,3134.600828,1053,1.6550268859421648,2.7420809492468834,0.9665996581315994,159443.82483288812,1.0
411,712783,3133.497061,964,1.6785626122528463,3.216063603758812,0.8159206062555313,143799.34635773645,1.0
412,713746,3133.837663,963,1.6965416387674548,2.7747791027650237,0.7802777737379074,148847.32233233395,1.0
413,714772,3137.06911,1026,1.6099247216614843,4.852328449487686,0.9400840848684311,134557.44271074317,1.0
414,715981,3122.439198,1209,1.6858931906724968,4.980256548151374,0.39163321256637573,133431.64599439234,1.0
415,717092,3129.025091,1111,1.6440123721733328,4.957609693519771,0.770161971449852,168082.559984024,1.0
416,718066,3131.903255,974,1.7054917419072162,3.1660348176956177,0.7644711434841156,124356.75893433522,1.0
417,719342,3131.358183,1276,1.7017524390409975,1.7984597361646593,0.877518430352211,106743.25863841346,1.0
418,720339,3131.755148,997,1.715750798043173,2.8644349076785147,0.86978979408741,114452.26240521729,1.0
419,721971,3135.266438,1632,1.5713594059160547,4.737025243230164,0.9198454767465591,149194.40430977446,1.0
420,723385,3143.391864,1414,1.635085191566837,0.3894003893947229,0.7630551606416702,138215.35278809312,1.0
421,724356,3132.270414,971,1.6781727994784796,4.393876064568758,0.7228506356477737,151379.6990336251,1.0
422,725430,3135.068161,1074,1.674148610262521,1.730763295199722,0.9665209800004959,145911.80670333141,1.0
423,727087,3112.779439,1657,1.7334014422752593,4.6614197781309485,0.8696375787258148,105682.87268265034,1.0
424,729087,2470.414992,2000,0.8877415481506239,246.8402087688446,0.0,89806.7614795018,0.0
425,730680,3117.126283,1593,1.713596622709188,4.963187500834465,0.7255356013774872,118493.54465754356,1.0
426,731709,3127.000175,1029,1.7351744638560194,4.589804448187351,0.9436725080013275,103719.61379779427,1.0
427,732786,3129.122224,1077,1.742309415200378,2.2564256214536726,0.9058618545532227,80036.94667135172,1.0
428,733840,3124.869021,1054,1.7429422446788174,4.7711224760860205,0.9999673813581467,95258.33219533013,1.0
429,735423,3113.520898,1583,1.7440443691981635,4.974964074790478,0.6709575653076172,97468.7351497492,1.0
430,737108,3131.836069,1685,1.7293528740135296,1.044051954522729,0.9865780174732208,105604.17138278171,1.0
431,738114,3133.443114,1006,1.712920956356451,2.205607364885509,0.9324124455451965,115969.74241544507,1.0
432,739088,3133.323155,974,1.6667432147848227,4.779006005264819,0.9395287930965424,141168.9668525424,1.0
433,740084,3134.556725,996,1.705314892301026,1.967257121577859,0.8734866976737976,109068.01272389808,1.0
434,741139,3120.06568,1055,1.7388718100503997,4.965590313076973,0.5997983738780022,102108.23301077967,1.0
435,742144,3137.953741,1005,1.6879578693888344,1.6093769227154553,0.8648213744163513,128209.66739606073,1.0
436,743148,3131.514506,1004,1.7398623462891125,1.8720483058132231,0.9056093543767929,112265.34814089256,1.0
437,744244,3133.977888,1096,1.743250060735892,1.5045009786263108,0.8725383132696152,111030.51846793249,1.0
438,745597,3130.074118,1353,1.7424957524843465,2.3783075739629567,0.8738470077514648,108789.92304053264,1.0
439,746708,3132.876609,1111,1.6968063608190664,2.0724875503219664,0.9506010264158249,123330.73199203018,1.0
440,747777,3142.724596,1069,1.7074507022988974,0.5056707450421527,0.806480199098587,126078.54595173188,1.0
441,749238,3118.443368,1461,1.7130728905328654,4.891774035058916,0.9237416833639145,158432.25369605861,1.0
442,750224,3129.031479,986,1.7032112847043017,4.751174245029688,0.7288932800292969,122004.4248326177,1.0
443,751213,3132.398666,989,1.7140494118826686,2.2223404375836253,0.9507744759321213,118011.48765001511,1.0
444,752425,3133.474929,1212,1.7116426805475464,1.834336027968675,0.9626402705907822,127127.37272641895,1.0
445,753481,3135.559159,1056,1.7230147552891633,0.6753303314326331,0.9874133765697479,135344.67179341667,1.0
446,754547,3124.46208,1066,1.751175817792451,3.3572399988770485,0.9893638640642166,124737.56344349992,1.0
447,756043,3125.409113,1496,1.7111961016447932,2.37836642190814,0.994664803147316,135564.7912025427,1.0
448,757142,3151.027981,1099,1.60251742281281,1.5321308746933937,0.8874181658029556,147869.5600445107,1.0
449,758133,3141.670833,991,1.6608561884856714,1.0011675185523927,0.7854270190000534,143642.52307366373,1.0
450,759494,3128.987852,1361,1.647385057157784,4.999773460440338,0.6177525222301483,137384.5550203343,1.0
451,761139,3123.018354,1645,1.6792804456134809,3.90484684612602,0.7973586022853851,155194.35845875315,1.0
452,762870,3127.830616,1731,1.692194558193535,2.512728504370898,0.9179778397083282,158429.29706921603,1.0
453,764704,3129.31933,1834,1.654936913905611,2.7770715532824397,0.9678106755018234,171647.59352813248,1.0
454,765907,3122.252022,1203,1.7294067254367782,4.919177968986332,0.9344568103551865,137483.9262027245,1.0
455,767153,3136.532431,1246,1.560444908479141,4.881197470240295,0.9021049737930298,135940.29931642735,1.0
456,768677,3122.90785,1524,1.6716959621905902,2.884714223910123,0.9584665298461914,156774.60798512687,1.0
457,769786,3126.931996,1109,1.7011038600013548,4.990518791601062,0.9058669954538345,133017.69214651285,1.0
458,770870,3150.034407,1084,1.6035240368380863,2.3727610241621733,0.9048479050397873,127314.50636410313,1.0
459,771965,3120.278626,1095,1.725890027351745,4.872000776231289,0.9309600293636322,134115.07172611778,1.0
460,773063,3119.923353,1098,1.7169425545684198,4.958663019351661,0.8423679322004318,146553.15116881937,1.0
461,774068,3130.467537,1005,1.7132212733533247,4.184977733530104,0.7638633251190186,129809.51725019452,1.0
462,775179,3121.077705,1111,1.6907754708127567,4.995676106773317,0.5492640286684036,140132.33501969918,1.0
463,776405,3131.787298,1226,1.7262528965791082,0.7323430763790384,0.9020761400461197,141117.9451050076,1.0
464,777486,3130.215709,1081,1.6666243168406663,4.947714158333838,0.8388181030750275,127698.82455472968,1.0
465,778575,3143.765143,1089,1.664774073659441,0.9618691401556134,0.8723063766956329,135317.02311906798,1.0
466,779657,3119.076344,1082,1.7509143915936938,4.847648553550243,0.9662916511297226,121515.92124558688,1.0
467,780739,3121.147501,1082,1.6920775063996845,4.976067692041397,0.8527398109436035,153597.03293656226,1.0
468,781784,3125.465255,1045,1.729284230743738,4.98809153214097,0.5564179643988609,143395.00066638007,1.0
469,782780,3121.602101,996,1.7452600968492498,4.628219758160412,0.9061367809772491,123349.53197455291,1.0
470,783870,3121.558703,1090,1.7223835259363924,4.77325776591897,0.9699208289384842,140113.20365971647,1.0
471,785217,3119.357686,1347,1.7033379054569733,4.452718771062791,0.8208739012479782,172971.58419546115,1.0
472,786321,3129.55632,1104,1.6712694629644844,2.6416542241349816,0.9600825607776642,183399.59785011254,1.0
473,787813,3134.321123,1492,1.6587647232958742,3.4435701090842485,0.9534225612878799,157322.07688146405,1.0
474,788928,3131.546107,1115,1.6760347384705352,3.2862313091754913,0.9966255724430084,167215.0397087754,1.0
475,790056,3122.657228,1128,1.6574959414651678,4.967282060533762,0.7827039808034897,186843.94753473776,1.0
476,791140,3125.215145,1084,1.660879354568416,4.998229444026947,0.7288062572479248,176518.9627815409,1.0
477,792224,3136.732969,1084,1.5444355358283883,4.996341071091592,0.8580747991800308,184543.54187638592,1.0
478,793361,3122.149301,1137,1.6740898041964736,4.999651573598385,0.9388021379709244,184271.79302512872,1.0
479,794418,3135.424436,1057,1.6084501051297306,3.129914402961731,0.9882939606904984,199438.52908932194,1.0
480,795493,3134.681236,1075,1.6564936224322495,2.6786495000123978,0.9357628971338272,184974.64751356372,1.0
481,796562,3131.760871,1069,1.5929493174130067,3.8435416063293815,0.9815376996994019,216481.6288139021,1.0
482,797672,3128.026615,1110,1.63976514361464,4.051704076118767,0.9950573742389679,189620.52975935373,1.0
483,798806,3126.041891,1134,1.6710497293335034,3.8886358961462975,0.9740602225065231,186505.46817880822,1.0
484,800067,3131.619012,1261,1.6530696553083564,3.4541107015684247,0.961826890707016,170338.39587308484,1.0
485,801123,3128.283261,1056,1.5834413909600675,4.9925080966204405,0.9457859396934509,250783.50742262337,1.0
486,802091,3138.269506,968,1.6494549931004827,3.1753925140947104,0.806349441409111,169056.5769168969,1.0
487,803378,3123.79796,1287,1.607651770037174,4.953769384883344,0.5159306898713112,183123.19549635053,1.0
488,804494,3128.357944,1116,1.6217493177441975,4.955239710398018,0.5264589190483093,177462.55727936496,1.0
489,805626,3141.454948,1132,1.5672255261738623,2.6471384335309267,0.985632911324501,198882.98770694324,1.0
490,806769,3137.066717,1143,1.6358612280351281,2.3402399383485317,0.9928629547357559,172603.2758785845,1.0
491,807899,3128.836156,1130,1.6605410919553623,3.7540763150900602,0.9998992085456848,183980.73287693624,1.0
492,808979,3128.607076,1080,1.6394682808215604,4.96263918466866,0.8495103567838669,185929.8043698481,1.0
493,810126,3122.959848,1147,1.6856439498951472,4.948479006998241,0.9307935833930969,171796.71972151607,1.0
494,811228,3129.573814,1102,1.6351114954248664,4.265000112354755,0.9194859117269516,188088.64218139797,1.0
495,812342,3125.164774,1114,1.6936157922233097,4.981866222806275,0.6394977122545242,157631.24464342376,1.0
496,813325,3148.808478,983,1.541910615446468,3.8829155964776874,0.9397993236780167,132268.39833933217,1.0
497,814535,3136.770578,1210,1.6147098886255475,4.720398690551519,0.9989611804485321,197124.30009670567,1.0
498,815663,3133.477924,1128,1.572916212984282,4.993978072889149,0.7943343371152878,200709.8047545573,1.0
499,816750,3141.834165,1087,1.6604995306896941,0.36840507527813315,0.9425412863492966,179550.2861920559,1.0
500,817891,3130.866552,1141,1.5946624786867183,4.7879962949082255,0.905308723449707,201894.81857588576,1.0
501,818869,3143.062676,978,1.6484467565667318,0.9862614388111979,0.7754697650671005,142349.70430485473,1.0
502,819972,3118.727114,1103,1.7335253498950076,4.9734675558283925,0.5804506689310074,156023.54026854163,1.0
503,820992,3120.926435,1020,1.751427083333482,4.954497562721372,0.7827197760343552,133717.79845396595,1.0
504,822039,3127.646634,1047,1.6446751689924877,4.904306028038263,0.9998569637537003,160211.25657391167,1.0
505,823120,3129.095571,1081,1.6268568663496108,4.994094371795654,0.9999056905508041,202034.5048422047,1.0
506,824197,3127.07542,1077,1.638315382614022,4.974000854417682,0.4734364524483681,194880.56903183015,1.0
507,825355,3124.655679,1158,1.647468795526778,4.961147205904126,0.8939512073993683,205332.82012898158,1.0
508,826485,3125.941736,1130,1.6343938830429536,4.9303831765428185,0.9754461050033569,229654.71505788347,1.0
509,827869,3125.971283,1384,1.725388092792945,0.13613068585982546,0.9079976379871368,186917.5406572511,1.0
510,828941,3120.168343,1072,1.697339006460048,4.957066965289414,0.8166559040546417,193200.65061555058,1.0
511,830005,3135.229165,1064,1.6340533418901986,4.873158875852823,0.9508801996707916,149996.9639776811,1.0
512,831100,3148.541232,1095,1.5668259616672409,3.3718933118507266,0.9999940544366837,133126.06058250734,1.0
513,832148,3126.636941,1048,1.6531864828816603,4.960462334565818,0.9984095394611359,166989.9967683335,1.0
514,833209,3129.250983,1061,1.6377500514736052,4.134314367547631,0.9919500350952148,195158.80317422512,1.0
515,834252,3123.883717,1043,1.6693659513666017,4.937899648211896,0.7942336797714233,189522.35532915578,1.0
516,835207,3132.475493,955,1.7297975662129532,0.8217340218834579,0.7844346761703491,172025.7339578073,1.0
517,836274,3116.398412,1067,1.7258752034112748,4.99564956407994,0.895378440618515,194020.7204393216,1.0
518,837321,3118.153489,1047,1.7303004444666163,4.969850415363908,0.9504761546850204,166225.32877632623,1.0
519,838430,3134.638126,1109,1.587103836098974,4.630496841855347,0.9839873015880585,184291.51011349834,1.0
520,839483,3126.099371,1053,1.6513591775369454,4.964772728271782,0.5474524572491646,170183.79484284055,1.0
521,840441,3153.084684,958,1.5103764704224583,3.020885051228106,0.9620799869298935,205389.76974649253,1.0
522,841530,3132.025326,1089,1.6118347188429953,4.94420703034848,0.8039705455303192,192644.98710748032,1.0
523,842808,3117.665083,1278,1.709230532386335,4.971627029590309,0.5954622104763985,160217.86250901542,1.0
524,843782,3126.660584,974,1.7516823148765068,3.3229489345103502,0.9284825623035431,138313.24316521085,1.0
525,844870,3134.42768,1088,1.595152542303285,4.99909941572696,0.6658785790205002,166728.70049947815,1.0
526,845968,3144.599083,1098,1.5623738301283066,3.3787814900279045,0.9053673595190048,171205.31229451142,1.0
527,846942,3128.869478,974,1.7470250356781476,2.5359680294059217,0.8740630745887756,146357.0157572798,1.0
528,848057,3113.871438,1115,1.773799982917128,4.951146198436618,0.6332388520240784,150761.72078045708,1.0
529,849118,3126.460661,1061,1.6604185615013551,4.957655095495284,0.7868898659944534,192338.63394418443,1.0
530,850211,3115.35527,1093,1.7521317471892504,4.944609710946679,0.838988721370697,165020.3735668324,1.0
531,851297,3115.065492,1086,1.7539729680284977,4.9662262899801135,0.6796059012413025,179235.51420956152,1.0
532,852410,3126.118403,1113,1.7156237708089463,3.275351948104799,0.9661167860031128,165633.2542146127,1.0
533,853526,3130.103745,1116,1.6998048383365356,2.7120805461890996,0.9626223891973495,178516.44835979532,1.0
534,854593,3112.920536,1067,1.78503893341523,4.925590823404491,0.8462214469909668,161753.30649901324,1.0
535,855741,3127.483577,1148,1.7246404191959765,2.8076712624169886,0.9871826320886612,149136.8555073948,1.0
536,856809,3122.183469,1068,1.7150863229886895,4.987472668290138,0.8032701164484024,160752.7782259223,1.0
537,857837,3125.192543,1028,1.7135139620533493,4.949931520968676,0.8107780665159225,148413.23099439073,1.0
538,858890,3126.965574,1053,1.6732561836303907,4.963486455380917,0.9143176674842834,175020.69183190007,1.0
539,860043,3115.054107,1153,1.7218479063898668,4.960554535500705,0.8585522323846817,177922.71849336554,1.0
540,861147,3113.384198,1104,1.7695890635925295,4.978903220035136,0.8698470145463943,164758.50508424093,1.0
541,862177,3138.966439,1030,1.577633676047067,4.9564564833417535,0.8978944271802902,141923.03831832352,1.0
542,863149,3126.136622,972,1.742283286651192,3.3973578829318285,0.7355013489723206,160486.38132676244,1.0
543,864248,3119.525833,1099,1.7313750771838197,4.670784110203385,0.8642858266830444,153107.0702984734,1.0
544,865322,3112.465876,1074,1.812083438591439,4.979779128916562,0.8830805122852325,140130.3512196078,1.0
545,866489,3118.119498,1167,1.7337599430207462,4.939005011692643,0.939454510807991,155347.11583793192,1.0
546,867536,3145.775199,1047,1.6077506807659807,2.467867685481906,0.9039013832807541,198396.4145326364,1.0
547,868513,3139.485034,977,1.6783035915395912,0.6422800506697968,0.9888648241758347,136129.0897080228,1.0
548,869597,3115.246469,1084,1.7829573569955608,4.9531725235283375,0.7704631984233856,134652.4123523463,1.0
549,870579,3126.758461,982,1.7739718702177036,2.1095022093504667,0.8557306230068207,128838.10985314501,1.0
550,871639,3123.97797,1060,1.7009545607474639,4.829901969060302,0.9936412423849106,157594.36248693385,1.0
551,872718,3133.387337,1079,1.7107246197769064,3.241012687794864,0.984024852514267,143560.50268391293,1.0
552,873771,3121.314726,1053,1.7264285276554077,4.978247685357928,0.7435590028762817,159657.98982555495,1.0
553,875323,3126.561457,1552,1.7738414716473423,2.769660030025989,0.9738494455814362,119253.656795133,1.0
554,876431,3131.358198,1108,1.636571820393958,4.87904017791152,0.9331833571195602,156033.31294026246,1.0
555,877530,3132.69555,1099,1.6206705726700532,3.9418278029188514,0.9630382806062698,199588.58956159346,1.0
556,878549,3126.300026,1019,1.698243551765483,4.884805879555643,0.9726342558860779,147932.28076289129,1.0
557,879558,3117.88323,1009,1.7775103478441583,4.95515763759613,0.9733445197343826,130192.33696827052,1.0
558,880686,3126.678094,1128,1.6688639358670596,4.842891823500395,0.9206917136907578,154980.43406701903,1.0
559,881726,3125.730557,1040,1.6875165553696425,4.969662171788514,0.9385471791028976,162302.63789179124,1.0
560,882745,3121.522943,1019,1.7229522512364743,4.986337968148291,0.685928612947464,142326.8489891192,1.0
561,883838,3138.209014,1093,1.6824778315357285,0.5706519732484594,0.914003849029541,192328.40653968768,1.0
562,884863,3121.528255,1025,1.7415469515020878,4.890269483439624,0.9814552962779999,150544.26753651846,1.0
563,885888,3131.419095,1025,1.73352878033985,2.0523486309684813,0.8564707636833191,116742.43638815283,1.0
564,886955,3135.110204,1067,1.6391924496388668,3.2213529339060187,0.9597306698560715,204072.98180060874,1.0
565,887964,3122.797331,1009,1.7376995549582865,4.881256143562496,0.930812656879425,143508.60438548014,1.0
566,888986,3122.770235,1022,1.7304850319843557,4.79573558550328,0.9656567126512527,150762.4854575593,1.0
567,890105,3118.072992,1119,1.727806312325818,4.922593245282769,0.9028129279613495,141618.34803290517,1.0
568,891194,3135.662957,1089,1.6894705973509914,1.4636907144449651,0.9852473437786102,164132.0501055416,1.0
569,892298,3123.185128,1104,1.671633776602791,4.968185559846461,0.8295890688896179,201494.28460082118,1.0
570,893342,3128.852811,1044,1.6702857486631055,4.9189223209396005,0.9890054166316986,149635.5354157497,1.0
571,894444,3130.885608,1102,1.6738918250090813,3.3486607717350125,0.9308056533336639,189666.73764256432,1.0
572,895478,3119.617808,1034,1.72874568882739,4.940025857649744,0.7556061446666718,173721.61523365168,1.0
573,896550,3118.939978,1072,1.7257151485985291,4.96746611315757,0.8434181660413742,171112.24108529396,1.0
574,897578,3129.067409,1028,1.6723548652802225,4.92793635930866,0.9185034036636353,163045.19266581454,1.0
575,898656,3125.626379,1078,1.698544485762208,4.3190979631617665,0.9551309794187546,168746.58904405122,1.0
576,899679,3121.144546,1023,1.731747977788384,4.734940943308175,0.9809329360723495,179921.2480307672,1.0
577,900718,3141.773083,1039,1.6193604406352193,3.0360311502590775,0.9964367002248764,197587.86334727186,1.0
578,901815,3125.217271,1097,1.6858263357928296,4.995898576453328,0.9182699024677277,180730.10459263495,1.0
579,902861,3119.617862,1046,1.7495666270276484,4.941060673445463,0.8804572373628616,156414.71405566984,1.0
580,904001,3146.54631,1140,1.6156931255219127,0.43658797221723944,0.969613566994667,202787.9506624759,1.0
581,905124,3125.308096,1123,1.6491437838307215,4.912215401418507,0.9458271414041519,192369.20841783975,1.0
582,906170,3130.463887,1046,1.6535486326415139,4.972698865458369,0.7245109975337982,174100.68760402183,1.0
583,907309,3135.955438,1139,1.6135676321616106,3.189438837580383,0.9579669684171677,214667.01064080608,1.0
584,908396,3125.919431,1087,1.6798318095692264,4.972263355739415,0.4423004388809204,169634.57467562234,1.0
585,909504,3126.450188,1108,1.6472513809938845,4.962820094078779,0.879887044429779,199439.6980403214,1.0
586,910601,3125.048559,1097,1.648949649899928,4.885724047198892,0.9873957931995392,219325.06947747178,1.0
587,911707,3122.679089,1106,1.6826373613199892,4.730647662654519,0.9889086335897446,191305.88633833383,1.0
588,912859,3120.931197,1152,1.6830880413042222,4.944894346408546,0.6281578540802002,216718.2538010107,1.0
589,913928,3132.415833,1069,1.6229039334047444,4.7352975234389305,0.9557081013917923,179164.42556327436,1.0
590,914985,3142.894124,1057,1.6009232339124244,2.6051230961456895,0.9610630571842194,160593.38828724803,1.0
591,916085,3126.761182,1100,1.6408442682519206,4.89496230147779,0.9104739129543304,206433.38909583972,1.0
592,917107,3121.131969,1022,1.7522465770730034,4.973359988071024,0.966964066028595,110498.3759923344,1.0
593,918273,3123.348447,1166,1.6587612317372098,4.984622122719884,0.8582769334316254,197134.323126299,1.0
594,919339,3120.941034,1066,1.723713700940472,4.916256875731051,0.8942865580320358,161595.156255464,1.0
595,920453,3116.017728,1114,1.710210022718641,4.879997810348868,0.9176449477672577,169064.075964725,1.0
596,921603,3123.40129,1150,1.6546158933763186,4.9566932721063495,0.73587566614151,201095.8149275739,1.0
597,922713,3126.474185,1110,1.6465180553792516,4.941913881339133,0.9554179012775421,180022.25737829512,1.0
598,923958,3122.241808,1245,1.626755926055339,4.942824016325176,0.7531219720840454,207963.348457443,1.0
599,925112,3120.842775,1154,1.6829249596876414,4.9038383876904845,0.8784608542919159,170534.79503728577,1.0
600,926209,3133.21826,1097,1.6199584734694787,4.944782238453627,0.7126222550868988,140465.25146646562,1.0
601,927358,3121.376279,1149,1.672225938806101,4.950747359544039,0.9807929396629333,162220.19147496638,1.0
602,928440,3119.305855,1082,1.7087169757931082,4.984636092558503,0.7956002652645111,151355.26163826382,1.0
603,929585,3123.981691,1145,1.6866571169527576,4.991365713067353,0.4922059178352356,162736.7602117119,1.0
604,930723,3122.951307,1138,1.6460854703264831,4.799582879059017,0.9670436382293701,201136.73570224698,1.0
605,932045,3113.131537,1322,1.6902508888145586,4.988111439161003,0.9713109582662582,168141.0426853155,1.0
606,933194,3124.446726,1149,1.6681496939071023,4.991771187633276,0.6774520128965378,165478.7973633899,1.0
607,934288,3134.289102,1094,1.6087444407982856,4.987685009837151,0.49911070615053177,201360.64446187837,1.0
608,935454,3124.550567,1166,1.6739869842933857,4.971958813257515,0.772349163889885,176307.40608934787,1.0
609,936623,3123.524231,1169,1.6504629545429585,4.975400632247329,0.9612928330898285,175062.08723160526,1.0
610,937981,3114.837433,1358,1.6311837834954819,4.959091893397272,0.7362320274114609,183770.68959968162,1.0
611,939263,3116.154421,1282,1.6642758404348896,4.972137277945876,0.7286759465932846,177979.41695430767,1.0
612,940370,3124.295815,1107,1.6830990008299658,4.926083609461784,0.9092137217521667,156406.74364808257,1.0
613,941481,3120.013319,1111,1.664415988246711,4.927671630866826,0.9556154906749725,185679.2486871208,1.0
614,942638,3129.347193,1157,1.6215567649334754,3.952152212150395,0.971512496471405,185359.928098984,1.0
615,943898,3122.904641,1260,1.620491009654486,4.329864517785609,0.9219000488519669,182843.5375580284,1.0
616,945092,3128.976815,1194,1.6422418512763912,4.046292859129608,0.9197770059108734,178567.63397531759,1.0
617,946366,3132.605448,1274,1.5794573294459193,2.437912335153669,0.9330227971076965,187127.83067562437,1.0
618,947545,3133.758856,1179,1.578387480010563,3.7371200742200017,0.9354410320520401,193886.0496542493,1.0
619,948662,3138.951463,1117,1.5822862231717671,4.948476562276483,0.9178453683853149,138803.51840976556,1.0
620,949691,3136.289905,1029,1.6270118970974057,4.526052041910589,0.9332678467035294,177338.7706911553,1.0
621,950793,3125.707402,1102,1.6711188796618022,4.31320199277252,0.9441041201353073,157928.19441563124,1.0
622,951843,3138.496473,1050,1.584729439701962,4.527398035861552,0.9922046959400177,172681.04829661766,1.0
623,952943,3127.532262,1100,1.6236873758417036,4.984487663023174,0.8778555691242218,168866.42911437977,1.0
624,954073,3136.060016,1130,1.563872496844157,3.873157314956188,0.952502116560936,201282.2875182833,1.0
625,955160,3123.547723,1087,1.659249813042803,4.965978674590588,0.7968300580978394,184697.64804379063,1.0
626,956229,3118.24247,1069,1.724229357036836,4.946427186951041,0.7553274184465408,168829.62503394962,1.0
627,957307,3127.589106,1078,1.6618355258246607,4.934484022669494,0.8445432037115097,171213.759132528,1.0
628,958401,3126.004379,1094,1.6843953410680312,3.207893343642354,0.9950857609510422,177440.94155573013,1.0
629,959485,3126.503008,1084,1.641947024602461,4.9510704120621085,0.7757627964019775,197645.45041575967,1.0
630,960586,3125.557137,1101,1.6334000569398073,4.887797520495951,0.9833811223506927,169584.80821821903,1.0
631,961637,3130.095622,1051,1.6221606501817571,4.989754292182624,0.9714952111244202,199512.58617655488,1.0
632,962781,3127.829996,1144,1.598815747497762,4.678084747865796,0.965275838971138,187320.32740868858,1.0
633,963838,3128.637343,1057,1.6327071859422215,4.928823793306947,0.9789738804101944,161324.45626901442,1.0
634,964963,3137.352487,1125,1.6498137857609796,0.2462591146468185,0.914570614695549,161479.1428318757,1.0
635,966082,3125.556612,1119,1.649292985947087,4.765505553223193,0.9336506575345993,147507.46352736047,1.0
636,967161,3127.547808,1079,1.611894338117173,4.832415143027902,0.9634925425052643,186322.9656525562,1.0
637,968914,3113.896045,1753,1.651741957586109,4.940850078128278,0.9355857968330383,133995.83464574793,1.0
638,970039,3123.455093,1125,1.665190787281194,3.787667490541935,0.9948519617319107,184356.2093503281,1.0
639,972039,2925.989424,2000,1.6593756481283912,13.865211512893438,0.7194359600543976,113708.5046306586,0.0
640,973075,3136.26958,1036,1.6555004097024149,3.2253284007310867,0.9239281713962555,166281.8247609763,1.0
641,974118,3127.527922,1043,1.6618773448110025,4.7782533802092075,0.951743870973587,169641.41880653313,1.0
642,975225,3123.728912,1107,1.699049087635577,4.8978062113747,0.9484756737947464,126515.97930277711,1.0
643,976338,3130.477282,1113,1.6677971490864492,2.408952859696001,0.9942910820245743,158279.02230531015,1.0
644,977373,3126.483548,1035,1.6857416878690445,4.879008745774627,0.9023860096931458,157445.8159295455,1.0
645,978448,3128.017035,1075,1.6956627937480269,3.2600287813693285,0.9589840471744537,166101.74294091557,1.0
646,979491,3129.836292,1043,1.6715036732859776,4.789455095306039,0.9905468672513962,116529.51294896896,1.0
647,980533,3123.736213,1042,1.7371138404103263,4.465282196179032,0.927349328994751,122259.57407481034,1.0
648,981595,3121.671337,1062,1.7247328630602783,4.9937000731006265,0.9400459378957748,127889.62400076653,1.0
649,983595,2886.455163,2000,1.7464521005326448,32.987301237881184,0.3011182136833668,127130.85329026615,0.0
650,984619,3122.027661,1024,1.736482726417296,4.951718263328075,0.6386115401983261,111150.92793985012,1.0
651,985680,3124.11554,1061,1.700862923864334,4.942141589708626,0.7468561828136444,123176.84060528941,1.0
652,987680,2908.254612,2000,1.7295219393864816,19.36680357903242,0.7879144698381424,121675.91739785102,0.0
653,989209,3122.612996,1529,1.7196354457138525,4.947838489897549,0.6961686164140701,139422.89837122764,1.0
654,990328,3141.105382,1119,1.5988279973931991,4.826587974093854,0.9868289530277252,146631.36617263407,1.0
655,991377,3134.625367,1049,1.6628030528853956,3.5711227683350444,0.9029842913150787,155637.4570698193,1.0
656,992345,3129.484427,968,1.7098960771485916,3.8247713819146156,0.9263300150632858,133712.6166571129,1.0
657,993367,3129.532353,1022,1.6787693319292174,4.944514716044068,0.9592678397893906,164315.54523809478,1.0
658,994419,3123.909349,1052,1.7105666282613488,4.999497206881642,0.6337606906890869,115034.41269279228,1.0
659,995448,3127.566035,1029,1.6749293667175496,4.943441832438111,0.7232187688350677,180671.43467203857,1.0
660,996474,3134.308316,1026,1.6480424483991765,4.520246176980436,0.9907364845275879,153235.73489012965,1.0
661,997512,3130.323063,1038,1.64457540660261,4.988106549717486,0.8025576919317245,154398.89020344836,1.0
662,998489,3128.178155,977,1.7156754210658716,4.870609729550779,0.7737498730421066,103747.56594145815,1.0
663,999577,3131.223288,1088,1.616814953569258,4.268263117410243,0.9594490379095078,186757.3463386521,1.0
664,1000548,3134.439978,971,1.6870705182799492,3.161973785609007,0.8255038410425186,96817.56369977121,1.0
665,1001588,3136.4923,1040,1.578023448375638,4.977008909918368,0.8480251580476761,161367.7810313021,1.0
666,1002632,3127.094426,1044,1.6861160981838912,4.910081508569419,0.9191587567329407,133700.9173218383,1.0
667,1003697,3147.428696,1065,1.545442584566202,3.900113166309893,0.8880452066659927,172135.62265850254,1.0
668,1004753,3141.502892,1056,1.6109522586166938,3.484622575342655,0.9576572477817535,152237.5024176887,1.0
669,1005805,3132.229017,1052,1.6360450228896604,4.948509042151272,0.9810403734445572,141138.68251551533,1.0
670,1006860,3138.372212,1055,1.5789560176957098,4.985579755157232,0.9132947027683258,152909.72441394906,1.0
671,1007919,3129.083008,1059,1.641763659173472,4.917894140817225,0.9608374536037445,132451.86035465708,1.0
672,1009039,3118.95628,1120,1.770082240646153,2.799644193146378,0.9659074246883392,171062.22404003952,1.0
673,1010062,3125.527199,1023,1.7012311911458782,4.9499524757266045,0.7835531979799271,130003.91122000026,1.0
674,1011160,3150.556765,1098,1.5884366132961123,0.07188966264948249,0.9486915916204453,180715.6905586973,1.0
675,1012205,3130.88859,1045,1.6586709870074239,4.142103949561715,0.9841717779636383,139458.66522259856,1.0
676,1013338,3123.941221,1133,1.6824334582811793,4.971006070263684,0.9010535478591919,124567.12988656471,1.0
677,1014403,3139.838984,1065,1.612948532668213,2.940669539384544,0.9861274808645248,178312.8264405927,1.0
678,1015503,3146.649567,1100,1.6134114904692496,0.30241079366533086,0.9410838037729263,206009.03838938192,1.0
679,1016534,3134.634543,1031,1.6308053043814026,4.930691560730338,0.827072337269783,112545.50696125286,1.0
680,1018071,3136.842456,1537,1.5710761582588328,4.942744038999081,0.6210406869649887,161759.9980197645,1.0
681,1019170,3123.481232,1099,1.6581526607611536,4.9756234511733055,0.6697665899991989,163317.06290779795,1.0
682,1020204,3129.675505,1034,1.6613454593005361,4.7246633330360055,0.972028449177742,156219.66044420336,1.0
683,1021244,3127.0196,1040,1.6839148627660785,4.943888518027961,0.8803121745586395,151086.58105075944,1.0
684,1022323,3135.404791,1079,1.5915360342455347,4.917359095998108,0.9999899566173553,159599.64286503868,1.0
685,1023354,3124.016357,1031,1.7131649163376899,4.632516182027757,0.9679393470287323,145202.6293562081,1.0
686,1024321,3143.631673,967,1.6050546487947193,3.663822077214718,0.7783188670873642,188889.29126843592,1.0
687,1025342,3138.85729,1021,1.5864055631977754,4.504227661527693,0.9774785488843918,176957.50057935817,1.0
688,1026359,3123.491887,1017,1.7177013607055132,4.902260843664408,0.9370103478431702,167464.39848086028,1.0
689,1027389,3155.079961,1030,1.5363027436920953,2.752773289103061,0.929233729839325,154066.9892712059,1.0
690,1028413,3129.683135,1024,1.6754859975942897,4.891927004791796,0.9453769028186798,143810.31299665853,1.0
691,1029408,3131.059148,995,1.655644726598317,4.972596885636449,0.8202417194843292,135814.3955107545,1.0
692,1030490,3136.58003,1082,1.5688124862001525,4.9516435246914625,0.9237408638000488,161873.06439035415,1.0
693,1031464,3137.399745,974,1.6354274070791903,4.8066278686746955,0.9732306748628616,125747.13317859263,1.0
694,1032433,3139.198163,969,1.6561249345024487,2.9490451561287045,0.851648673415184,143345.46303477834,1.0
695,1033471,3150.893529,1038,1.4918931937275062,4.968720953911543,0.9344671666622162,157300.75276295614,1.0
696,1034581,3149.012063,1110,1.52784611636662,4.950997419655323,0.9992799907922745,152333.9096477604,1.0
697,1035679,3121.448649,1098,1.695788415675289,4.9634127644822,0.8292197436094284,191997.2697802186,1.0
698,1036736,3133.706164,1057,1.648846413521091,4.384821513667703,0.8797779679298401,157446.43311621595,1.0
699,1037773,3141.519167,1037,1.5652088382633278,4.996265983209014,0.7870204746723175,192705.14284064807,1.0
700,1038733,3138.540338,960,1.63733070109882,4.2224612552672625,0.901331901550293,137438.18760113788,1.0
701,1040265,3131.462904,1532,1.623683993699798,2.806894888635725,0.9824644774198532,167449.32880048937,1.0
702,1041275,3135.611703,1010,1.6302555833721601,4.924769047647715,0.8689013868570328,164324.1297633482,1.0
703,1042247,3133.777794,972,1.6685993201098344,4.666667897254229,0.879024863243103,133406.66891419422,1.0
704,1043315,3141.446366,1068,1.646868517082347,3.66837065666914,0.9572310745716095,156192.09026203462,1.0
705,1044594,3135.948985,1279,1.6229255734199277,4.968200228177011,0.6860156357288361,136416.73821154796,1.0
706,1045757,3134.063579,1163,1.6373965164997024,4.993119626305997,0.6667953729629517,146351.29945438085,1.0
707,1046857,3137.002307,1100,1.6360845741654153,4.940088023431599,0.9252608567476273,161525.80584125797,1.0
708,1047814,3142.952077,957,1.608634680516254,4.437047406099737,0.8203514665365219,162831.7284467329,1.0
709,1048770,3133.133015,956,1.6710644388583589,4.989078501239419,0.80061174929142,150740.40607046534,1.0
710,1049799,3135.043292,1029,1.6323588332708248,4.948896705172956,0.9811222553253174,185330.6635213886,1.0
711,1050848,3133.183144,1049,1.6298110609017251,4.967463668435812,0.950426459312439,156379.07177455627,1.0
712,1051916,3138.299656,1068,1.5852173414237605,4.937097430229187,0.9517023712396622,161469.72710198024,1.0
713,1052867,3139.384741,951,1.6251934029793669,3.9900660049170256,0.8979538083076477,166329.490971233,1.0
714,1053882,3126.650516,1015,1.6981358510992808,4.927554284222424,0.9800449013710022,134509.30775415248,1.0
715,1054920,3142.951253,1038,1.5691286198801033,4.982592654414475,0.9498587250709534,154236.37023590173,1.0
716,1056016,3142.944795,1096,1.5864219424720387,4.990271176211536,0.13216031715273857,175833.31432621635,1.0
717,1056981,3146.050316,965,1.6568363116840585,0.1709914140519686,0.9189043939113617,167600.50010631402,1.0
718,1057935,3126.639742,954,1.7440623464986942,3.854090580716729,0.8987724781036377,163848.2518117877,1.0
719,1059109,3136.359667,1174,1.6388125031212166,4.952437710016966,0.8501105010509491,150569.53014136894,1.0
720,1060171,3134.18606,1062,1.6021301572138296,4.938794765621424,0.9759137034416199,169392.28302410274,1.0
721,1061241,3136.531637,1070,1.5778237070951322,4.997126874513924,0.7332026958465576,185238.51475152237,1.0
722,1062277,3134.122521,1036,1.6321477634888335,4.962547332979739,0.907633900642395,166890.4809892911,1.0
723,1063325,3132.052002,1048,1.6232217367098873,4.8527035396546125,0.974189043045044,176059.73987496892,1.0
724,1064631,3130.232189,1306,1.6539583756947125,4.953879746608436,0.7018768042325974,179457.24748832654,1.0
725,1065669,3129.82365,1038,1.662683021974407,4.999664495699108,0.851324126124382,164700.68111853147,1.0
726,1066835,3131.357851,1166,1.5503420846154026,4.9165390664711595,0.9987936168909073,203601.39554036586,1.0
727,1067847,3136.50822,1012,1.6134465366844903,4.997344803996384,0.9876003116369247,171261.7284018319,1.0
728,1068966,3135.119653,1119,1.5942644869010922,4.958025296218693,0.7256568223237991,170461.3286421977,1.0
729,1070966,2928.717977,2000,1.5587684909884023,26.950174011290073,0.0,167990.82340984623,0.0
730,1071997,3137.790164,1031,1.607357667816094,4.968287888914347,0.8336516469717026,156185.69225609867,1.0
731,1073997,2875.078237,2000,1.621820156369487,50.36485008895397,1.3970310986042023,167995.73635218703,0.0
732,1075039,3141.140761,1042,1.6398290044539532,2.487852587364614,0.99650077521801,158023.87572212762,1.0
733,1076071,3129.25831,1032,1.6480604648158141,4.991594119928777,0.9232689440250397,169972.3560886244,1.0
734,1077118,3136.192558,1047,1.5967800703414277,4.909772425889969,0.9677072614431381,164523.81324014819,1.0
735,1078209,3140.770266,1091,1.5495016488270261,4.847389063797891,0.9211127460002899,174105.66469360478,1.0
736,1079287,3144.882443,1078,1.526100596092329,4.9071412067860365,0.8564426749944687,175829.79472242272,1.0
737,1080238,3144.717759,951,1.6199706944272845,2.2521510254591703,0.8654963970184326,157314.49996321157,1.0
738,1081261,3141.821929,1023,1.6295521858338793,3.5357221495360136,0.9869208931922913,147935.28863061278,1.0
739,1082286,3133.161368,1025,1.6373409422144671,4.839618341065943,0.9627118706703186,165875.33887983134,1.0
740,1083320,3137.838168,1034,1.6036683052824763,4.982538521289825,0.947793573141098,174069.57979118725,1.0
741,1084388,3133.10105,1068,1.6155566870191524,4.848400829359889,0.9711642563343048,158494.1107512545,1.0
742,1085441,3141.666945,1053,1.6288383263293242,3.352946019731462,0.9847310930490494,154759.7939960854,1.0
743,1086500,3137.379587,1059,1.58226422105091,4.996467847377062,0.9464091062545776,179989.41482331243,1.0
744,1087552,3135.717736,1052,1.5989681418815458,4.927696427330375,0.9184366464614868,182950.7316201247,1.0
745,1088568,3141.696343,1016,1.58795857733687,4.839639994315803,0.992724671959877,178945.522347702,1.0
746,1089524,3149.140475,956,1.5670604484902857,3.3854059875011444,0.7676554471254349,189623.87566228418,1.0
747,1090549,3131.662652,1025,1.7075234705169007,4.324617795646191,0.9305543452501297,100356.91259058929,1.0
748,1091503,3144.177991,954,1.6047027572474524,3.780087106861174,0.8585800975561142,172261.78805081084,1.0
749,1092634,3134.390579,1131,1.5905607734182734,4.991416004486382,0.9388626366853714,168680.41328188026,1.0
750,1093848,3135.691686,1214,1.5937245094529522,4.976825905032456,0.904189869761467,161714.32871810536,1.0
751,1094894,3139.26182,1046,1.590106991119265,4.624036489985883,0.9749361872673035,170691.48263040982,1.0
752,1095909,3148.416907,1015,1.5819468042542515,3.4028448862954974,0.9209349006414413,193793.1773431603,1.0
753,1097909,2914.78436,2000,1.5835024142565153,30.849074944853783,1.9950564205646515,187484.12923696026,0.0
754,1099361,3131.700099,1452,1.5831610304861023,4.936034674756229,0.9063877910375595,162152.45130268688,1.0
755,1100408,3134.771444,1047,1.6349842158115946,4.992815433070064,0.8093871921300888,149565.77256252963,1.0
756,1102408,2949.520633,2000,1.5721388935802592,13.78710474818945,1.091836541891098,174539.6298615393,0.0
757,1103347,3138.712959,939,1.5985059354031959,4.985965322703123,0.738777220249176,169537.77874710294,1.0
758,1105347,2932.092937,2000,1.574352637212479,22.72341074422002,1.5901929140090942,123122.7673038518,0.0
759,1106425,3134.870003,1078,1.6228227866207456,4.969597910530865,0.9441717714071274,179925.7536821371,1.0
760,1107451,3142.731857,1026,1.6301294296378572,3.077830304391682,0.9801431000232697,177076.5809663395,1.0
761,1108511,3133.879177,1060,1.6381060058561856,4.218544811010361,0.9933280944824219,155474.25944027115,1.0
762,1109569,3130.165638,1058,1.6231923705570255,4.973194096237421,0.9670304507017136,164216.33099864214,1.0
763,1110615,3130.686108,1046,1.6683795170939362,4.415398696437478,0.9993476420640945,154423.29149754674,1.0
764,1111669,3133.854993,1054,1.6207848515172218,4.963148734532297,0.5163074657320976,174983.38929386938,1.0
765,1112700,3131.715152,1031,1.668694288809649,4.853097489103675,0.9670479595661163,167778.05810065614,1.0
766,1113797,3137.240967,1097,1.6181016667546118,4.941614577546716,0.6452079117298126,180909.60275690773,1.0
767,1115175,3131.382838,1378,1.65643701224891,2.4458711268380284,0.9549639374017715,143525.35292368452,1.0
768,1116541,3125.956022,1366,1.6181480619175825,4.966323031112552,0.9416007995605469,154219.70370328194,1.0
769,1117566,3137.634754,1025,1.603016363889145,4.997231997549534,0.7421256601810455,179357.33166047366,1.0
770,1118591,3140.043016,1025,1.593963107135491,4.873461672104895,0.9529128670692444,175126.53176955058,1.0
771,1119624,3138.969683,1033,1.6256206035626057,3.3244999358430505,0.9820027649402618,172308.66831783843,1.0
772,1120699,3127.077764,1075,1.667217038578346,4.982122569344938,0.8768356591463089,161290.6075902229,1.0
773,1121835,3132.872212,1136,1.6244316569608985,4.9769062316045165,0.9978830069303513,167027.53484208262,1.0
774,1122988,3132.986069,1153,1.6133701228059432,4.971266956999898,0.7476716488599777,161008.1822971869,1.0
775,1124048,3128.78624,1060,1.6446823759886273,4.950131289660931,0.9701845049858093,166813.0164958615,1.0
776,1125088,3128.532475,1040,1.645324307920401,4.936540382914245,0.960097536444664,161497.04057917264,1.0
777,1126114,3131.16604,1026,1.6713552596632644,4.3996525928378105,0.9450468420982361,158573.9597981349,1.0
778,1127173,3155.006406,1059,1.487860423792204,4.998352727852762,0.4219447821378708,190865.23767786837,1.0
779,1128121,3129.537307,948,1.727983624771765,2.8955612797290087,0.9367657452821732,120587.76226341038,1.0
780,1129157,3129.82879,1036,1.645615781393556,4.9947453662753105,0.9500405937433243,162646.93750919658,1.0
781,1131157,2920.939516,2000,1.6491248503507252,19.630816765129566,0.34616921097040176,158529.47707138452,0.0
782,1132679,3117.203711,1522,1.6427448926997936,4.960501100867987,0.9701920300722122,153034.6667708713,1.0
783,1134216,3110.636412,1537,1.6961040439765072,4.995520692318678,0.8260189741849899,126557.81881560483,1.0
784,1135566,3122.709962,1350,1.6621452928924465,4.983362392522395,0.8171810209751129,149173.7554022546,1.0
785,1137063,3123.45106,1497,1.6449010816814853,4.9601319478824735,0.8352126926183701,157833.26624292825,1.0
786,1138417,3122.158073,1354,1.6676984613327583,4.94416372384876,0.8733689039945602,167587.62284639187,1.0
787,1139352,3132.123891,935,1.688495060732071,4.47905994951725,0.8609877526760101,158201.59703542228,1.0
788,1140386,3127.929833,1034,1.663381389473268,4.85942407976836,0.9360311180353165,162887.83711351975,1.0
789,1141318,3145.165855,932,1.5927708585070208,3.7449959199875593,0.8226936310529709,178908.79607548736,1.0
790,1142248,3145.993511,930,1.602140723737959,2.877161605283618,0.8386486023664474,171778.88477926783,1.0
791,1143516,3144.715952,1268,1.5326222425128273,4.979920224286616,0.6816066801548004,174707.72664392315,1.0
792,1145516,2958.485023,2000,1.6082337907711186,9.667623555287719,0.13822095468640327,159341.82893870672,0.0
793,1147516,2845.622639,2000,1.5369484580560122,63.61798569560051,0.0,231313.00078184306,0.0
794,1148563,3141.777158,1047,1.6194169156064542,4.760663956403732,0.9873946756124496,170164.9996259643,1.0
795,1149499,3140.478775,936,1.6258248288465613,3.3189147943630815,0.9909787774085999,160783.44358766222,1.0
796,1150455,3146.446957,956,1.621611035227311,3.0183118069544435,0.9429688006639481,179881.62162477724,1.0
797,1151390,3147.535979,935,1.6016930196864918,2.6429301942698658,0.9080150723457336,180306.57717131273,1.0
798,1152337,3137.63988,947,1.6472053056822131,3.753090393729508,0.9400922805070877,166662.72423464828,1.0
799,1154086,3122.510854,1749,1.6340507186112527,4.977851291187108,0.9624267369508743,163339.97409528607,1.0
800,1156086,2944.884393,2000,1.6123452974552777,12.584226205945015,0.0,165554.86663462428,0.0
801,1157034,3156.806105,948,1.5159491931215412,2.801661961711943,0.8381254225969315,182875.41190841713,1.0
802,1158040,3141.006666,1006,1.6309718299034308,4.070871393196285,0.96371129155159,169111.98894013462,1.0
803,1158991,3133.106351,951,1.667649100127711,4.880629945546389,0.9527062624692917,151002.12715184514,1.0
804,1159935,3140.804273,944,1.621933000564379,4.700327524915338,0.8818120509386063,167658.6437925051,1.0
805,1160939,3136.189446,1004,1.6185043791307163,4.877635859884322,0.9340741485357285,167901.41054849603,1.0
806,1161987,3131.322663,1048,1.6322929481312147,4.977278178557754,0.7004407048225403,176662.98178330366,1.0
807,1162923,3139.100496,936,1.6307643915161854,3.8345212815329432,0.8926412463188171,193893.46865089034,1.0
808,1163916,3136.976445,993,1.6264089539950701,4.918875172734261,0.9462297707796097,163052.06449024213,1.0
809,1164935,3141.205834,1019,1.641406296341115,2.633267780765891,0.9942532330751419,176285.36725382393,1.0
810,1165946,3134.854171,1011,1.6282025982794675,4.96688112616539,0.8578420430421829,167444.60848356213,1.0
811,1166883,3141.848053,937,1.6139508143246981,4.192145308479667,0.8855297416448593,171228.63991820047,1.0
812,1168305,3141.233819,1422,1.6422366204251655,3.310643252916634,0.9897032380104065,174352.38189553062,1.0
813,1169342,3131.474887,1037,1.6340745772709784,4.887225804850459,0.9591633081436157,158431.5071382862,1.0
814,1170286,3154.132155,944,1.5552672943120252,1.5627829707227647,0.9844876080751419,201162.2728658663,1.0
815,1172096,3113.932511,1810,1.6378967852004522,4.990678047761321,0.23431021720170975,151707.73647700285,1.0
816,1174096,2914.261582,2000,1.6805007194201986,18.228682223707438,1.9212844967842102,131719.96649590513,0.0
817,1175048,3152.627282,952,1.554510897719455,3.7477902369573712,0.9821101278066635,206660.25021120082,1.0
818,1176012,3153.962143,964,1.536358674068184,3.7705586291849613,0.9909647703170776,191051.2944223149,1.0
819,1176955,3143.707212,943,1.6444270365543632,2.0290191750973463,0.8981545269489288,184851.4543405537,1.0
820,1178955,2915.282283,2000,1.6509536784701626,20.36693226546049,0.9193325787782669,136541.72087883548,0.0
821,1179917,3144.782216,962,1.624516875333501,1.2829570623580366,0.9245326370000839,162161.07877681497,1.0
822,1180878,3142.542061,961,1.6256576385678077,4.327426082454622,0.9322389960289001,190786.9594747921,1.0
823,1181813,3146.424445,935,1.6212496665830913,1.609859406016767,0.9813432395458221,172107.26852496382,1.0
824,1182760,3142.918624,947,1.582391226262973,4.547057440504432,0.9991530328989029,185567.92315043593,1.0
825,1183729,3139.881784,969,1.6423697779209683,4.5041588600724936,0.9927111864089966,154718.38175424017,1.0
826,1184676,3149.845688,947,1.5837825426533247,2.443804289214313,0.9207933396100998,174424.36133919138,1.0
827,1185638,3145.417834,962,1.6390097474956533,1.143872126704082,0.8360958099365234,165162.0702460324,1.0
828,1187482,3133.542248,1844,1.6268158075833752,4.995798692107201,0.9353390336036682,167364.57884701053,1.0
829,1188645,3148.423593,1163,1.6207745192004772,0.8025607676245272,0.89804507791996,155063.1478611791,1.0
830,1189808,3147.19413,1163,1.616481228417947,1.9828450167551637,0.9125939756631851,152364.88148291266,1.0
831,1190781,3142.512892,973,1.6618688228695906,2.84916308009997,0.9861109405755997,170722.89978469332,1.0
832,1192379,3142.864801,1598,1.6410505205696697,0.228424345550593,0.9060510247945786,141700.60008451974,1.0
833,1193580,3140.932948,1201,1.6175699477659085,4.431098699569702,0.8429058641195297,157288.46585397384,1.0
834,1194913,3129.629222,1333,1.6515780206386512,3.4582377411425114,0.9722395241260529,147923.4234172436,1.0
835,1196035,3131.583843,1122,1.646450297474743,4.942590720020235,0.9146325290203094,164020.13152147442,1.0
836,1196978,3139.460676,943,1.631906104045608,4.014185280539095,0.8398079127073288,163265.25681233086,1.0
837,1198185,3131.874536,1207,1.6579575146661865,3.8067076820880175,0.9796826541423798,157830.54101086417,1.0
838,1199445,3129.879315,1260,1.6434682719206994,4.9295020289719105,0.780758410692215,152409.01960537408,1.0
839,1200630,3133.378516,1185,1.6417137041105312,4.756640293635428,0.983709841966629,156846.0589602274,1.0
840,1201572,3137.60544,942,1.647767826508221,4.557512467727065,0.9750215709209442,157562.45118884664,1.0
841,1202509,3142.932787,937,1.5995915288222717,3.8855946622788906,0.9575267881155014,155842.59726479338,1.0
842,1203595,3134.114289,1086,1.6651452682503278,4.66281536500901,0.9960728883743286,160937.00108950248,1.0
843,1204555,3141.204924,960,1.6580371407831065,1.8189730471931398,0.9710774570703506,145089.3100761595,1.0
844,1205510,3132.661771,955,1.725758431505444,1.869785541202873,0.8581418544054031,156167.6124007828,1.0
845,1206468,3141.609718,958,1.655591601182074,1.4621349982917309,0.908968448638916,151043.3322465017,1.0
846,1207423,3142.008752,955,1.6597039537603249,1.1160420253872871,0.7743395119905472,153226.03561558106,1.0
847,1208384,3141.685421,961,1.6360804455214428,2.8471004334278405,0.8322137594223022,143474.81669419154,1.0
848,1209395,3131.129173,1011,1.6759104139586325,4.938937956467271,0.9672408550977707,153338.34032133291,1.0
849,1210353,3133.072226,958,1.6954654643816987,3.6443928256630898,0.8119898289442062,164690.67498056684,1.0
850,1211410,3135.673679,1057,1.6048622145072051,4.576252307742834,0.9404955059289932,165916.1590685935,1.0
851,1212373,3139.116632,963,1.6565231509253626,3.0537466518580914,0.8278495818376541,134889.19851131088,1.0
852,1213389,3129.215057,1016,1.674872934879854,4.986776621080935,0.6868980079889297,148202.03641099465,1.0
853,1214418,3133.171271,1029,1.6361958712679099,4.930540337227285,0.7904896140098572,140587.95812274265,1.0
854,1215387,3139.462703,969,1.651027712377061,2.7160444878973067,0.819786861538887,146692.36055564537,1.0
855,1216404,3134.564666,1017,1.6285871530177674,4.9855479737743735,0.9838191419839859,150701.64656998406,1.0
856,1217482,3136.986528,1078,1.6063661340285125,4.284148919396102,0.9686636924743652,154751.7184433051,1.0
857,1218469,3140.14823,987,1.6174040693738494,4.818649962544441,0.9458986669778824,151867.437142103,1.0
858,1219537,3121.61225,1068,1.7086509844428301,4.9651534063741565,0.8257263898849487,130214.42524921396,1.0
859,1220553,3132.429598,1016,1.656570340915872,4.880399792455137,0.9249100834131241,143287.44990530235,1.0
860,1221508,3141.069763,955,1.633197482648135,3.280505770817399,0.9696870297193527,159634.37445294138,1.0
861,1222787,3140.139404,1279,1.6100818898462967,3.7638911744579673,0.9013436734676361,160361.56477195,1.0
862,1223806,3139.070018,1019,1.6043387296482463,4.925026441924274,0.9804841876029968,164193.259666803,1.0
863,1224826,3134.40409,1020,1.6285108927029435,4.9468770157545805,0.807892456650734,150573.07219180017,1.0
864,1225784,3136.978863,958,1.6502626726834067,4.17358533013612,0.9776955842971802,153149.2968201523,1.0
865,1226845,3129.524096,1061,1.6486701861718032,4.992618807591498,0.9767250716686249,169013.5719744252,1.0
866,1227921,3136.484149,1076,1.5819642972586594,4.929576767608523,0.8246138691902161,163569.28598217797,1.0
867,1228940,3138.102591,1019,1.5994450889288392,4.969189991243184,0.8899322152137756,189156.79890483225,1.0
868,1229959,3135.571747,1019,1.614182772042736,4.964384366758168,0.8456289023160934,156085.5709309827,1.0
869,1230926,3147.331476,967,1.6243035228178013,0.6956490251468495,0.9665222465991974,162288.8675511899,1.0
870,1232174,3136.038248,1248,1.595775795329553,4.039253108203411,0.9292600303888321,163769.2506605911,1.0
871,1233261,3139.31074,1087,1.5580714393056976,4.935173084959388,0.8247712999582291,175631.5888303306,1.0
872,1234336,3136.568873,1075,1.584313503904354,4.997226409614086,0.9246642142534256,171025.54342462285,1.0
873,1235387,3138.492645,1051,1.5851840057912334,4.8525599995628,0.9855397045612335,169524.03133773242,1.0
874,1236438,3139.32718,1051,1.5852897501957157,4.551979014649987,0.9922397136688232,168624.36398463266,1.0
875,1237528,3141.517686,1090,1.5363600458230473,4.877080908045173,0.9284919500350952,169030.2279409528,1.0
876,1238586,3140.252682,1058,1.5879211027319677,4.082028055563569,0.9540330618619919,165880.15045262888,1.0
877,1239628,3139.185949,1042,1.5780021846818804,4.916672478429973,0.972520112991333,161957.45996402646,1.0
878,1240683,3156.417271,1055,1.5747659750694614,0.32652814843459055,0.9859517961740494,165604.6618565328,1.0
879,1241702,3136.44675,1019,1.6142694536297084,4.958897712640464,0.9261435270309448,153466.05427395384,1.0
880,1243107,3137.827183,1405,1.577024755714717,4.938047379255295,0.9424229711294174,165811.51386554496,1.0
881,1244072,3146.096006,965,1.5834874475323446,3.7046457873657346,0.9053847193717957,168708.46212502438,1.0
882,1245130,3149.3726,1058,1.5580512739419397,2.9249199433252215,0.9993947297334671,176742.4064450163,1.0
883,1246173,3135.823561,1043,1.6065566052796825,4.94113122113049,0.9481349587440491,161861.67834847822,1.0
884,1247181,3147.733805,1008,1.5608964257980578,4.115144605748355,0.947638675570488,190118.58780265908,1.0
885,1248212,3135.898087,1031,1.6133025043727374,4.875005688518286,0.8761800825595856,162167.65540271447,1.0
886,1249259,3144.079825,1047,1.5833953616896927,3.9769039722159505,0.9732183814048767,169337.6891701267,1.0
887,1250239,3139.88034,980,1.6774256802255465,1.4996534446254373,0.7622615993022919,159624.6042569279,1.0
888,1251267,3139.265539,1028,1.593966624132947,4.809826263226569,0.998675599694252,161957.06647777103,1.0
889,1252261,3139.34939,994,1.6073838615010876,4.945546388626099,0.9331011772155762,165684.51157834785,1.0
890,1253290,3130.829709,1029,1.6638088402650872,4.366865381598473,0.9877234697341919,165535.16228714248,1.0
891,1254344,3141.215766,1054,1.55789378512169,4.733870853669941,0.9078241139650345,177825.4528156402,1.0
892,1255428,3137.8813,1084,1.567614738866427,4.979653051123023,0.980675220489502,174771.07548230793,1.0
893,1256489,3142.469881,1061,1.5563867632243937,4.991848021745682,0.8509072661399841,180021.69088957334,1.0
894,1257535,3154.375291,1046,1.4862689587379032,4.331246833316982,0.9281814098358154,174383.8825749612,1.0
895,1258596,3144.361234,1061,1.5588223651172448,3.8126074941828847,0.9857796877622604,165910.6944076815,1.0
896,1259640,3136.54652,1044,1.5939240734586297,4.9591128481552005,0.8359820395708084,179405.86361921963,1.0
897,1260688,3144.419832,1048,1.5286397929622784,4.937064251862466,0.9742709249258041,168784.1193248371,1.0
898,1261721,3134.953238,1033,1.6209108140231625,4.982780548743904,0.904618427157402,164081.2660626931,1.0
899,1262754,3145.456234,1033,1.5776577359473236,3.472014795988798,0.9384045004844666,165296.23019126532,1.0
900,1263764,3129.498886,1010,1.6902696888017277,4.947955836541951,0.9046749025583267,156270.987011284,1.0
901,1265764,2882.009913,2000,1.598260403080969,42.18250885605812,1.2188532203435898,144606.79512422168,0.0
902,1267090,3130.661185,1326,1.5961352951251326,4.909666953608394,0.9719894826412201,151254.1477256872,1.0
903,1268093,3144.612304,1003,1.5612086573185366,4.911332507617772,0.96714086830616,165262.33530428683,1.0
904,1269103,3141.903214,1010,1.6114597141869789,4.001537337899208,0.9947045147418976,172557.36655466483,1.0
905,1270115,3142.049768,1012,1.597597602329187,4.780047805979848,0.9665317088365555,169672.22484418045,1.0
906,1271094,3152.377815,979,1.5852991148742972,0.43536408338695765,0.8440812677145004,162579.005626996,1.0
907,1272054,3128.530941,960,1.7277274866317698,4.093295778147876,0.7630319893360138,140692.45414982576,1.0
908,1273096,3128.244012,1042,1.6833176210749927,4.978360142558813,0.9399969130754471,159790.25754128382,1.0
909,1274024,3136.425114,928,1.6675378772925393,3.596620517782867,0.9210161119699478,172855.9674205606,1.0
910,1274955,3138.579902,931,1.6820244274974023,2.2948322002775967,0.9434202313423157,177262.90012258667,1.0
911,1275892,3152.089406,937,1.5455010023338136,3.5309954546391964,0.9833095222711563,183555.2219051338,1.0
912,1276835,3147.168468,943,1.5709425529210055,4.372230148874223,0.8551457524299622,184190.89540824312,1.0
913,1278447,3105.457277,1612,1.7566462067011641,4.976678523235023,0.43244894593954086,164341.74919587534,1.0
914,1280447,2909.523039,2000,1.6874585619612343,22.35758537426591,0.9464342147111893,164826.96829984995,0.0
915,1282180,3112.997207,1733,1.6498122014345578,4.980153520591557,0.781400054693222,156760.35585787368,1.0
916,1283942,3131.94373,1762,1.5108209473366447,4.085094784386456,0.9862878918647766,143960.44546475087,1.0
917,1285646,3119.263739,1704,1.611462576331541,4.976415541023016,0.6708391010761261,136185.4645450003,1.0
918,1287454,3118.860355,1808,1.6008157148348994,4.9629329005256295,0.8326894789934158,146327.90996525154,1.0
919,1289046,3125.08921,1592,1.5903500737622804,4.944342537783086,0.7563221454620361,145376.88567038096,1.0
920,1290670,3121.921277,1624,1.6190222504755363,4.867937997914851,0.9496539086103439,164169.53907794657,1.0
921,1291587,3146.122229,917,1.5683674414685709,4.759592469781637,0.8074472099542618,190855.642428891,1.0
922,1292544,3156.465137,957,1.5429643464509348,1.1144173331558704,0.9734097868204117,177549.58164442907,1.0
923,1293482,3139.36319,938,1.6513362895616412,3.301896736957133,0.9177888929843903,171471.42626736616,1.0
924,1295482,2771.253648,2000,1.7482148501128838,80.666558817029,1.5374904870986938,113424.28623866776,0.0
925,1297052,3130.80895,1570,1.5490578034173625,4.084835643880069,0.9980429708957672,155633.08292750604,1.0
926,1298333,3142.993063,1281,1.517504365068204,4.550379817374051,0.9451384842395782,167563.693522647,1.0
927,1299739,3134.726183,1406,1.5413363417027175,4.959554993547499,0.8606939762830734,173151.71299724784,1.0
928,1300650,3146.200363,911,1.5586450994377696,4.72873100079596,0.825219601392746,178376.69926632277,1.0
929,1301582,3142.479469,932,1.607717288104798,3.931015497073531,0.9811064600944519,174249.16052386575,1.0
930,1303259,3121.865482,1677,1.5797328596597378,4.947431618347764,0.719001516699791,150276.0988585567,1.0
931,1304182,3141.662194,923,1.6063293126910565,4.621634376235306,0.9744312614202499,177357.33453191383,1.0
932,1305138,3152.497641,956,1.5409810235096595,3.0813405755907297,0.9475858509540558,144102.14128398223,1.0
933,1306412,3120.47338,1274,1.7049548286954639,4.925787448883057,0.9154213964939117,170624.08795265056,1.0
934,1307664,3115.315335,1252,1.737600196302633,4.965012660250068,0.8613132685422897,164177.8604345596,1.0
935,1309406,3109.102616,1742,1.7287681063888691,3.6240359768271446,0.941171869635582,135199.66015553416,1.0
936,1310986,3106.525253,1580,1.763713910334948,4.927856381982565,0.8396211266517639,141163.20204433758,1.0
937,1312986,2902.193242,2000,1.6592001483628163,22.33772026374936,0.0,110360.06395672003,0.0
938,1314267,3116.618926,1281,1.7208865240256244,4.9842026783153415,0.8918773382902145,154463.2293649769,1.0
939,1315742,3111.338807,1475,1.7285959392873191,4.998041549697518,0.962122306227684,148731.9780992643,1.0
940,1317382,3119.810035,1640,1.6129750973672352,4.778786329552531,0.9835159778594971,136212.8950745173,1.0
941,1319092,3111.613989,1710,1.7025907600353132,3.439373569563031,0.9468164294958115,141762.7210958794,1.0
942,1320668,3110.048471,1576,1.7061746728922027,4.950736882165074,0.9620433300733566,148786.23223428847,1.0
943,1321600,3136.002804,932,1.687881736361791,2.926347136963159,0.9988079965114594,167363.34164403257,1.0
944,1323013,3133.899115,1413,1.5554716087206633,4.936709068715572,0.7102572172880173,150522.79834268035,1.0
945,1324512,3104.179243,1499,1.7755513248413761,4.957591183483601,0.9921515733003616,145568.4393068902,1.0
946,1326184,3114.591079,1672,1.6680497408131847,4.244044306688011,0.9906590729951859,142575.2284244747,1.0
947,1327197,3145.316432,1013,1.5865477345207712,4.492759122513235,0.973723977804184,171826.02590512956,1.0
948,1328126,3150.695069,929,1.5515521414370999,3.167628776282072,0.8876682817935944,174017.62532462872,1.0
949,1329063,3152.061891,937,1.5605984522538856,2.084386709611863,0.9008471667766571,154543.1619806365,1.0
950,1330886,3116.512269,1823,1.6025380686846438,4.631929099559784,0.9851575642824173,130155.31669890082,1.0
951,1331832,3144.281763,946,1.6305417746632644,2.033230906818062,0.8326971530914307,172209.9987019067,1.0
952,1333080,3123.497959,1248,1.6712736676612512,4.7711863880977035,0.9904848784208298,151270.50041324596,1.0
953,1334041,3140.136374,961,1.658203240017867,2.1884930902160704,0.9335213899612427,150881.255477282,1.0
954,1334991,3144.991688,950,1.5874165904846225,4.817212815396488,0.7771033048629761,159040.35631382276,1.0
955,1336322,3117.273178,1331,1.7023686654197963,4.936732817441225,0.9592054039239883,154662.9895513451,1.0
956,1337326,3147.023732,1004,1.597116889663448,4.226348013617098,0.9716109186410904,157863.27131670032,1.0
957,1338551,3135.070579,1225,1.587943933209261,4.963365965522826,0.9185721725225449,165997.3925483711,1.0
958,1339827,3132.034985,1276,1.5958209645233388,4.956887452863157,0.9003578871488571,160841.0602105151,1.0
959,1341097,3125.864213,1270,1.7156004546217725,4.931348841637373,0.9351025521755219,155264.52436148946,1.0
960,1342045,3143.34714,948,1.6228921670482956,3.7034667329862714,0.8615417033433914,164572.92229373535,1.0
961,1342988,3143.094338,943,1.600536037163428,4.265473689883947,0.9861195087432861,166829.34751379382,1.0
962,1344179,3135.388511,1191,1.5869266442822494,4.87608730327338,0.9963732957839966,153582.74112911348,1.0
963,1345133,3146.222847,954,1.5861927343647897,3.753729513846338,0.8136453479528427,152746.15937300274,1.0
964,1346078,3148.948565,945,1.5912344736272466,2.1720458753407,0.8981304615736008,169890.89756151257,1.0
965,1347089,3139.549544,1011,1.6143746636720835,4.7843679785728455,0.9569825232028961,145314.90692983285,1.0
966,1348060,3136.046514,971,1.65821339286908,4.719373653642833,0.8931777626276016,159150.44368379368,1.0
967,1349019,3139.400542,959,1.6431048381320552,3.9547027554363012,0.8112404495477676,152576.09023404695,1.0
968,1350028,3139.884176,1009,1.6160403464173552,4.845525487326086,0.9489545226097107,160743.06111287887,1.0
969,1350983,3148.646831,955,1.588290305205878,2.6030810549855232,0.9057936817407608,167927.9249596126,1.0
970,1351932,3140.998919,949,1.640197096243352,2.8141193906776607,0.9734299033880234,160827.74465811628,1.0
971,1352877,3135.216919,945,1.63386245124157,4.9455491825938225,0.907135009765625,167461.19342345968,1.0
972,1353826,3141.623043,949,1.6384127981580474,3.1653873156756163,0.8258508145809174,155119.21687494338,1.0
973,1354855,3128.972398,1029,1.6894800648971844,4.710332374088466,0.9497062116861343,158356.78121671572,1.0
974,1355810,3145.609967,955,1.6220096034530875,1.8776744836941361,0.9614262729883194,150687.16925666036,1.0
975,1356781,3139.750422,971,1.6488618942155109,3.6570281954482198,0.8974530547857285,157491.14781636358,1.0
976,1357718,3145.165689,937,1.6236779224087272,1.9305855967104435,0.8579921722412109,166528.07090518178,1.0
977,1358659,3144.251749,941,1.651916954904509,1.0206243605352938,0.8847902715206146,166584.36464953277,1.0
978,1359620,3144.010864,961,1.600404072672799,4.128965665586293,0.9167767316102982,151330.93182285878,1.0
979,1360572,3148.763857,952,1.568425664827727,3.968218225054443,0.9936164319515228,168893.36659857506,1.0
980,1361601,3140.250632,1029,1.6642684429101215,2.9287055949680507,0.9376233071088791,148441.75957247618,1.0
981,1362833,3131.555773,1232,1.642726546461711,4.615828860551119,0.9642446786165237,139224.17530095746,1.0
982,1363808,3138.345829,975,1.6151432932224357,4.700158140622079,0.9527634829282761,165001.16833669692,1.0
983,1364757,3134.048263,949,1.6875348533379237,3.8411342538893223,0.9244605898857117,146396.06488850387,1.0
984,1365701,3143.46736,944,1.617471341860243,3.6626465152949095,0.8864758908748627,166894.1462657516,1.0
985,1366696,3151.548365,995,1.5754283393486652,1.917371351737529,0.9732328355312347,175555.10248103994,1.0
986,1367653,3135.431585,957,1.6850620995886911,3.501972067169845,0.9940147399902344,161430.21479486692,1.0
987,1368618,3138.092684,965,1.680908296590932,2.2324465680867434,0.8005183935165405,151584.80934821308,1.0
988,1369558,3133.749822,940,1.710932664303186,2.3264745832420886,0.9703517705202103,147818.119259486,1.0
989,1370589,3132.239764,1031,1.649682868617915,4.9064671620726585,0.9438643604516983,146887.30986656607,1.0
990,1371538,3128.463682,949,1.7321636952747559,4.0467046201229095,0.809679701924324,158756.8607707377,1.0
991,1373422,3124.757366,1884,1.6047836444320704,4.999834927730262,0.2771671675145626,134641.6166884798,1.0
992,1374401,3140.237764,979,1.6740582397963022,2.023453766014427,0.7933775335550308,164889.51259741304,1.0
993,1375354,3133.908549,953,1.6850131252349605,4.252728656865656,0.7812783867120743,162338.68995060123,1.0
994,1376293,3136.192099,939,1.7005728949758208,1.8753472832031548,0.9855851531028748,162024.72568156835,1.0
995,1377237,3137.55128,944,1.6683038335603924,3.3835169160738587,0.9159227460622787,149377.03856617352,1.0
996,1378183,3133.697349,946,1.665186414246165,4.448754130862653,0.9742195904254913,143342.54906334128,1.0
997,1379128,3140.821091,945,1.6673407837542984,1.6429920215159655,0.7954294979572296,147065.0648095208,1.0
998,1380083,3144.948907,955,1.6157761413074494,2.7150173555128276,0.8484441787004471,171653.7114522009,1.0
999,1381029,3143.636283,946,1.6437322185998973,1.7700614989735186,0.9085022658109665,161613.35204231928,1.0
1000,1382002,3142.214663,973,1.6276949318935647,2.9402085347101092,0.980125218629837,154316.65829356326,1.0
1001,1383019,3134.473591,1017,1.6290636016203903,4.9643696984276175,0.9899573773145676,165958.407790696,1.0
1002,1384020,3131.114124,1001,1.6809018244340812,4.983269842341542,0.8410623669624329,146069.3133909743,1.0
1003,1385017,3131.071917,997,1.677381146491257,4.910819116048515,0.9727941453456879,150075.38867991927,1.0
1004,1386053,3128.156543,1036,1.6820853695687024,4.950253176502883,0.9969761222600937,151116.24427862564,1.0
1005,1387058,3131.37629,1005,1.6740900586177025,4.969278001226485,0.7744023948907852,157958.34072844585,1.0
1006,1388067,3127.435275,1009,1.6997399912555768,4.996255156584084,0.9943089634180069,140553.90612870423,1.0
1007,1389083,3130.15123,1016,1.6973061309975965,4.9462487222626805,0.9879764914512634,143268.2320875037,1.0
1008,1390022,3140.042842,939,1.676225811460281,1.313719869358465,0.9986889362335205,163250.3261242839,1.0
1009,1391027,3129.622986,1005,1.6983914170144772,4.966368433088064,0.7237294316291809,135816.50464406388,1.0
1010,1392029,3135.460359,1002,1.655427735588242,4.984886501915753,0.863579735159874,153491.19145118378,1.0
1011,1392984,3140.944322,955,1.659269432821339,1.8348064622841775,0.9962013363838196,159426.97528480378,1.0
1012,1393924,3138.715632,940,1.6325300773078515,4.044902161695063,0.9971145540475845,159004.5720423333,1.0
1013,1394900,3119.600561,976,1.7612282766531944,4.993265261873603,0.9059706330299377,162560.56762279407,1.0
1014,1395930,3132.792735,1030,1.6527148918969246,4.987434949725866,0.9533257782459259,160475.22712087267,1.0
1015,1396943,3134.222356,1013,1.6524205363997337,4.95286169461906,0.9587624669075012,152682.16210308616,1.0
1016,1397914,3127.377682,971,1.7348578962690315,4.335970734246075,0.9597711265087128,160231.84847237146,1.0
1017,1398860,3144.096501,946,1.6294925942625371,2.18205718556419,0.8619235455989838,159705.60650608453,1.0
1018,1399148,369.435255,288,1.0001618749290409,1091.7158424854279,19.85936999320984,0.0,0.0
1019,1400098,3146.005664,950,1.582954957035344,3.82010021712631,0.9504428505897522,155823.03390293918,1.0
1020,1400402,440.442138,304,1.000075992148087,1056.2138557434082,19.84772562980652,0.0,0.0
1021,1401551,3154.493555,1149,1.4931668162615044,4.949290654622018,0.959988534450531,167385.50305948127,1.0
1022,1402580,3139.31248,1029,1.6089998375193917,4.97683638241142,0.8623854070901871,146948.1323195723,1.0
1023,1403615,3134.009466,1035,1.6564799253488292,4.905990441329777,0.9602295607328415,144207.37907798015,1.0
1024,1404611,3139.215848,996,1.595209858967224,4.99769055750221,0.8798831701278687,175338.0903120385,1.0
1025,1405654,3128.731987,1043,1.6662091275356605,4.963358980603516,0.9694163501262665,159850.73440951176,1.0
1026,1406591,3134.612212,937,1.6916966593644334,3.3260429045185447,0.9627790004014969,172434.10125832827,1.0
1027,1407564,3145.707069,973,1.5994384817356444,3.000101074576378,0.8668627589941025,162066.61476601355,1.0
1028,1408556,3134.064404,992,1.6590445049673321,4.878841107711196,0.9386349469423294,158497.20762345786,1.0
1029,1409556,3134.640529,1000,1.6420722636753522,4.999932367354631,0.983884260058403,161048.14577869428,1.0
1030,1410499,3138.578693,943,1.636279482463199,4.853109363466501,0.7721982151269913,162189.1022198703,1.0
1031,1411681,3127.875729,1182,1.707005082527839,3.248038119636476,0.9641392529010773,148177.64017878857,1.0
1032,1412650,3145.742836,969,1.5939751211868212,3.395831328816712,0.9717027842998505,170713.4326225554,1.0
1033,1413593,3140.437503,943,1.6532700893897887,2.668553323019296,0.8303238451480865,159942.92593130868,1.0
1034,1414535,3144.635818,942,1.6208211418945875,2.3911219323053956,0.9125804901123047,164952.3563267945,1.0
1035,1415487,3135.569497,952,1.6694216746046773,4.056001547724009,0.996590256690979,154690.21348977304,1.0
1036,1416423,3143.215649,936,1.6016390681238828,4.103805986233056,0.9370086342096329,157518.8599640212,1.0
1037,1417580,3144.739201,1157,1.605205476809598,2.444712503347546,0.9070853143930435,175841.7818381051,1.0
1038,1418509,3144.989276,929,1.6000681736670326,3.279736381955445,0.8260485529899597,176443.64990257483,1.0
1039,1419454,3142.911047,945,1.617240317187508,3.830542671494186,0.937831774353981,170987.32441524378,1.0
1040,1420393,3146.090552,939,1.600900609335146,3.7144875386729836,0.9343135356903076,178961.25496631413,1.0
1041,1422393,2727.469128,2000,1.5549033732688633,122.35314399003983,0.03016088390722871,236768.76963766624,0.0
1042,1424048,3136.745127,1655,1.622822432574583,0.8844962285365909,0.9102088958024979,150426.20496237063,1.0
1043,1425390,3127.243607,1342,1.6066795408999908,4.966025124303997,0.8826346695423126,152786.71396130568,1.0
1044,1426530,3132.595385,1140,1.6198956033326333,4.952062270604074,0.8724581450223923,147638.7357099104,1.0
1045,1427477,3144.48373,947,1.629147641075039,1.9395668059587479,0.8893320709466934,156500.59723315202,1.0
1046,1429477,2909.370276,2000,1.6503891410217801,25.987152010202408,0.0,130790.99498942705,0.0
1047,1431477,2920.96351,2000,1.607848395346709,24.65376164764166,0.0,146832.484829126,0.0
1048,1432748,3141.86243,1271,1.6299746569227527,3.5408399999141693,0.9207619726657867,154849.58736625477,1.0
1049,1433989,3135.118836,1241,1.6445171914683725,2.9172567883506417,0.9268469363451004,148709.9874258834,1.0
1050,1434939,3133.83186,950,1.6681989036812672,4.789180587977171,0.8875709772109985,141769.2806932213,1.0
1051,1436939,2880.17061,2000,1.682637075396653,35.91163270175457,1.45923912525177,100674.4819524816,0.0
1052,1438105,3133.485251,1166,1.6038328194589218,4.946919274516404,0.988675057888031,142481.59187354136,1.0
1053,1439074,3143.429694,969,1.6333170519692852,4.185173311270773,0.868341475725174,159926.8197198608,1.0
1054,1440028,3144.069719,954,1.6236515684286537,2.3855518084019423,0.9846168011426926,160589.04240151952,1.0
1055,1441216,3131.952051,1188,1.6515220680977734,4.296836676076055,0.9839597344398499,151481.50886299112,1.0
1056,1442438,3141.220598,1222,1.6297217506887822,2.3239191505126655,0.8778218179941177,146336.36870202143,1.0
1057,1443780,3139.641799,1342,1.6207397442453395,2.490607090294361,0.966896116733551,135568.1264302618,1.0
1058,1444979,3139.655424,1199,1.635145926780304,2.588542294688523,0.9329967945814133,164860.7244126004,1.0
1059,1445930,3142.383788,951,1.5902796841942617,4.94322320446372,0.861634835600853,159640.6839027004,1.0
1060,1446869,3143.454987,939,1.6261794695062315,2.510880818590522,0.8100439608097076,164904.62821785035,1.0
1061,1448032,3131.092434,1163,1.67597108330123,3.0763529939576983,0.9937337040901184,148784.68439772705,1.0
1062,1449214,3135.468427,1182,1.6586415898825495,3.0194349819794297,0.9334616363048553,149565.6420299729,1.0
1063,1450157,3142.68818,943,1.61953588084488,3.168903524056077,0.8308382332324982,161404.25907886514,1.0
1064,1451090,3142.054322,933,1.6124945200834302,3.711494500748813,0.8928027004003525,162713.03015752783,1.0
1065,1452299,3131.345767,1209,1.621071615123539,4.984791157767177,0.6988269090652466,140178.75576670695,1.0
1066,1453429,3127.649088,1130,1.6620323979957774,4.964281339198351,0.7346959412097931,157302.44128203517,1.0
1067,1454649,3144.352936,1220,1.596836145909285,2.1841940470039845,0.9643596410751343,156326.87468208288,1.0
1068,1455736,3139.045523,1087,1.654894940812623,3.9456059457734227,0.9938724339008331,146681.52271232946,1.0
1069,1456825,3143.405369,1089,1.641821037323255,4.180518910288811,0.9164071083068848,151122.73505474563,1.0
1070,1457787,3146.352338,962,1.5965628468017712,3.096330910921097,0.858948677778244,166168.64655956576,1.0
1071,1458727,3149.334385,940,1.5819482249641663,2.290398348122835,0.9380917251110077,168908.92368089655,1.0
1072,1459673,3148.103396,946,1.5924445183301417,2.314539102371782,0.8569410443305969,164067.26788801813,1.0
1073,1460910,3129.175261,1237,1.629751706454509,4.845472052693367,0.9239812195301056,149188.30031832756,1.0
1074,1462225,3131.880278,1315,1.6346371710588785,3.5306133795529604,0.9873894602060318,140314.5781501418,1.0
1075,1463182,3138.143864,957,1.6078534615230173,4.932170966640115,0.9850341081619263,155511.45231545044,1.0
1076,1464163,3148.27265,981,1.6100415078640264,2.6909487205557525,0.9959252923727036,164132.3222857151,1.0
1077,1465124,3143.484904,961,1.6351254623547766,2.1190865663811564,0.8518768101930618,154628.8101131176,1.0
1078,1466281,3131.319858,1157,1.6312933326996382,4.901533364318311,0.9135249257087708,154835.64774876047,1.0
1079,1467287,3136.49251,1006,1.6410619844884222,4.883375368081033,0.8977222442626953,147870.84879478405,1.0
1080,1468487,3130.303387,1200,1.6688394517083314,4.016998107545078,0.935407429933548,157393.3615406498,1.0
1081,1469691,3131.497161,1204,1.6335236397336093,4.348007147200406,0.914270356297493,148890.7784242996,1.0
1082,1470640,3136.870783,949,1.6218059320828813,4.794555832631886,0.9338779002428055,167699.99401916613,1.0
1083,1471979,3130.449662,1339,1.6226624051160063,4.975037765689194,0.6115343049168587,171986.9298258297,1.0
1084,1473747,3130.72538,1768,1.619324812668686,4.957825178280473,0.5040443316102028,157464.8007908335,1.0
1085,1474712,3142.178886,965,1.6020423341695034,4.210657440125942,0.9986591339111328,170964.04847672358,1.0
1086,1475916,3135.259367,1204,1.5869600235229115,4.938585916534066,0.7845380902290344,162264.50152677202,1.0
1087,1476846,3140.98837,930,1.5973394545452106,4.68623056076467,0.983310341835022,174195.53814393852,1.0
1088,1478126,3137.181472,1280,1.63167740388039,3.199168131686747,0.9030858427286148,157186.5503267549,1.0
1089,1479861,3131.475214,1735,1.640512240763776,3.4458625596016645,0.9179040044546127,148100.76363792663,1.0
1090,1480797,3137.84678,936,1.6204204012579526,4.5390104642137885,0.9668693691492081,164962.25459124654,1.0
1091,1481732,3136.244657,935,1.6344734280029,4.713242989964783,0.9616642445325851,160102.52750450122,1.0
1092,1482701,3147.319913,969,1.6106297537375585,2.7200086042284966,0.8816854655742645,171706.02191179758,1.0
1093,1483632,3136.61544,931,1.6237269479595444,4.837216227315366,0.9365875273942947,159994.57765294393,1.0
1094,1484568,3137.468767,936,1.6430739163794423,4.163792124018073,0.8792456984519958,160611.70408991302,1.0
1095,1485514,3131.88204,946,1.654512438022556,4.985634936019778,0.7024881988763809,153801.81028919923,1.0
1096,1486638,3135.177822,1124,1.6244039360311042,4.445540369488299,0.999685525894165,151462.96455826782,1.0
1097,1487759,3127.967757,1121,1.6565447824959845,4.990869085304439,0.8034563064575195,145767.08590929225,1.0
1098,1488707,3143.863204,948,1.6177219412405075,2.952313399873674,0.8300492167472839,149242.6524822,1.0
1099,1489655,3133.888452,948,1.6707890893190107,4.563990281894803,0.9894431382417679,149588.85824750803,1.0
1100,1490597,3133.675515,942,1.6772169466803932,4.3529297690838575,0.9356534481048584,145347.0425512373,1.0
1101,1491739,3137.237868,1142,1.6156413964011895,4.984087077900767,0.9471815824508667,143453.22772881252,1.0
1102,1492709,3136.8368,970,1.6576684534165287,4.046024638228118,0.8821270614862442,153519.41560082723,1.0
1103,1493649,3139.756835,940,1.6550124008682696,2.6652286760509014,0.8222222328186035,148379.14511144196,1.0
1104,1495248,3138.702429,1599,1.6738317444961495,0.6581569468835369,0.9275826066732407,146509.44702718838,1.0
1105,1496547,3145.630837,1299,1.6550352465357303,1.625348289962858,0.9698674082756042,132634.26970598873,1.0
1106,1497503,3136.164706,956,1.6517936055448823,4.403286846354604,0.9944986552000046,146328.80290407222,1.0
1107,1498658,3135.887427,1155,1.6402852659934584,4.9805534072220325,0.38912568241357803,149446.71269056792,1.0
1108,1499884,3142.871319,1226,1.6414504969134867,0.816535932244733,0.9351325035095215,159361.08897133238,1.0
